program,chargeCode,description
Living Breathing Planet,21504.001,Living Breathing Planet
NOAA MAPP,21713.001,NOAA MAPP
Comp Bio Support - IRP,21803.001,Comp Bio Support - IRP
Comp Bio Support - IRP,21803.002,Comp Bio Support - IRP
Forest Degradatn S Africa,21807.001,Forest Degradatn S Africa
Refine Cryospheric Algor,21810.001,Refine Cryospheric Algor
Solar Irradiance ST #2,21813.001,Solar Irradiance ST #2
Biomass Density for ABoVE,21908.001,Biomass Density for ABoVE
Monitoring Water Quality,21909.001,Monitoring Water Quality
CALIPSO Vegetation,21910.001,CALIPSO Vegetation
SKY SURF,22001.001,SKY SURF
Ambipolar EF of Venus,22012.001,Ambipolar EF of Venus
ICESat-2 III,22013.001,ICESat-2 III
Land Degradation Lund U,22015.001,Land Degradation Lund U
PACE SAT,22017.001,PACE SAT
FERMI,22018.001,FERMI
Permafrost,22019.001,Permafrost
COB Web Support,22101.001,COB Web Support
COB Unbillable,22101.002,COB Unbillable
SMAP Soil Moisture,22102.001,SMAP Soil Moisture
EUCLID LIBRAE- 5 YR,22103.001,EUCLID LIBRAE- 5 YR
SBG Hyperspectral,22104.001,SBG Hyperspectral
Task 9 TIDES-Vasilyev,22106.001,Task 9 TIDES-Vasilyev
ICESAT2 Invst of Sea ice,22107.001,ICESAT2 Invst of Sea ice
HOLMS Heterodyne OH Lunar,22108.001,HOLMS Heterodyne OH Lunar
2dMUX Testing II (Karwan),22109.001,2dMUX Testing II (Karwan)
Cloud Gaze,22110.001,Cloud Gaze
SIST-3,22112.001,SIST-3
InVEST ARGOS Instrument,22113.001,InVEST ARGOS Instrument
VLBI Dynamic Mask,22114.001,VLBI Dynamic Mask
Warm Season Precipitation,22115.001,Warm Season Precipitation
Improving OMPS-LP Cloud ,22117.001,Improving OMPS-LP Cloud 
HBS,21410.COS.1002.CY4.00,T-1002: Stra Edu Support
HBS,21410.COS.1002.CY5.00,T-1002: Stra Edu Support
HBS,21410.COS.1002.CY6.00,T-1002: Stra Edu Support
HBS,21410.COS.1004.CY4.00,T-1004: GSFC Edu Dis Lrng
HBS,21410.COS.1004.CY5.00,T-1004: GSFC Edu Dis Lrng
HBS,21410.COS.1004.CY6.00,T-1004: GSFC Edu Dis Lrng
HBS,21410.COS.4001.CY4.00,T-4001: ESDIS Support
HBS,21410.COS.4001.CY5.00,T-4001: ESDIS Support
HBS,21410.COS.4001.CY6.00,T-4001: ESDIS Support
HBS,21410.COS.5004.CY4.00,T-5004:Wind Lidar Laser
HBS,21410.COS.5004.CY5.00,T-5004:Wind Lidar Laser
HBS,21410.COS.5004.CY6.00,T-5004:Wind Lidar Laser
HBS,21410.COS.5005.CY4.00,T-5005: OC Ins Devel Desi
HBS,21410.COS.5005.CY5.00,T-5005: OC Ins Devel Desi
HBS,21410.COS.5005.CY6.00,T-5005: OC Ins Devel Desi
HBS,21410.COS.5007.CY4.0A,T-5007: Subtask A DPSSL
HBS,21410.COS.5007.CY4.0B,T-5007: Subtask B OptoMec
HBS,21410.COS.5007.CY4.0C,T-5007: Subtask C Plr Wav
HBS,21410.COS.5007.CY4.0D,T-5007: Subtask D Lsr Rel
HBS,21410.COS.5007.CY4.0E,T-5007: Subtask E Lsr Des
HBS,21410.COS.5007.CY5.0D,T-5007: Subtask D Lsr Rel
HBS,21410.COS.5007.CY6.0A,T-5007: Subtask A DPSSL
HBS,21410.COS.5007.CY6.0C,T-5007: Subtask C Plr Wav
HBS,21410.COS.5007.CY6.0D,T-5007: Subtask D Lsr Rel
HBS,21410.COS.5008.CY4.0A,T-5008: Subtask A
HBS,21410.COS.5008.CY4.0B,T-5008: Subtask B
HBS,21410.COS.5008.CY4.0C,T-5008: Subtask C
HBS,21410.COS.5008.CY5.0A,T-5008: Subtask A
HBS,21410.COS.5008.CY6.0A,T-5008: Subtask A
HBS,21410.COS.5008.CY6.0B,T-5008: Subtask B
HBS,21410.COS.5008.CY6.0C,T-5008: Subtask C
HBS,21410.COS.5009.CY4.00,T-5009: OC Ins Support
HBS,21410.COS.5010.CY4.0A,T-5010: 
HBS,21410.COS.5010.CY4.0B,T-5010: Subtask B
HBS,21410.COS.5010.CY4.0C,T-5010: Subtask C
HBS,21410.COS.5010.CY4.0D,T-5010: Subtask D
HBS,21410.COS.5010.CY5.0A,T-5010: Subtask A
HBS,21410.COS.5010.CY5.0B,T-5010: Subtask B
HBS,21410.COS.5010.CY5.0C,T-5010: Subtask C
HBS,21410.COS.5010.CY5.0D,T-5010: Subtask D
HBS,21410.COS.5010.CY5.0E,T-5010: Subtask E
HBS,21410.COS.5010.CY5.0F,T-5010: Subtask F
HBS,21410.COS.5010.CY6.0B,T-5010: Subtask B
HBS,21410.COS.5010.CY6.0C,T-5010: Subtask C
HBS,21410.COS.5010.CY6.0D,T-5010: Subtask D
HBS,21410.COS.5010.CY6.0E,T-5010: Subtask E
HBS,21410.COS.5010.CY6.0F,T-5010: Subtask F
HBS,21410.COS.6001.CY4.00,T-6001: Landsat 8 Com
HBS,21410.COS.6001.CY5.00,T-6001: Landsat 8 Com
HBS,21410.COS.6001.CY6.00,T-6001: Landsat 8 Com
HBS,21410.COS.6002.CY4.00,T-6002: EO-1 Prog & Analy
HBS,21410.COS.6003.CY4.00,T-6003: GCDC Prj Spt Ana
HBS,21410.COS.6003.CY5.00,T-6003: GCDC Prj Spt Ana
HBS,21410.COS.6003.CY5.Z0,Shutdown GCDC Prj Spt Ana
HBS,21410.COS.6003.CY6.00,T-6003: GCDC Prj Spt Ana
HBS,21410.COS.6004.CY4.00,T-6004: Spec Bio-Ind Phot
HBS,21410.COS.6005.CY4.00,T-6005: Admin Terr Info 
HBS,21410.COS.6005.CY5.00,T-6005: Admin Terr Info 
HBS,21410.COS.6005.CY6.00,T-6005: Admin Terr Info 
HBS,21410.COS.6007.CY4.00,T-6007: GSFC Radio Cal
HBS,21410.COS.6007.CY5.00,T-6007: GSFC Radio Cal
HBS,21410.COS.6007.CY5.Z0,T-6007: Shutdown
HBS,21410.COS.6007.CY6.00,T-6007: GSFC Radio Cal
HBS,21410.COS.6009.CY4.00,T-6009: MODIS & EOS Tech
HBS,21410.COS.6009.CY5.00,T-6009: MODIS & EOS Tech
HBS,21410.COS.6009.CY6.00,T-6009: MODIS & EOS Tech
HBS,21410.COS.6010.CY4.00,T-6010: App Support
HBS,21410.COS.6010.CY5.00,T-6010: App Support
HBS,21410.COS.6010.CY6.00,T-6010: App Support
HBS,21410.COS.6011.CY4.00,T-6011: CLARREO Sci Def
HBS,21410.COS.6012.CY4.00,T-6012:MODIS & NPP Doc
HBS,21410.COS.6012.CY5.00,T-6012:MODIS & NPP Doc
HBS,21410.COS.6012.CY6.00,T-6012:MODIS & NPP Doc
HBS,21410.COS.6013.CY4.00,T-6013: Earth to Sky
HBS,21410.COS.6013.CY5.00,T-6013: Earth to Sky
HBS,21410.COS.6013.CY6.00,T-6013: Earth to Sky
HBS,21410.COS.6014.CY4.00,T-6014:Sci Access High Re
HBS,21410.COS.6014.CY5.00,T-6014:Sci Access High Re
HBS,21410.COS.6014.CY5.Z0,Shutdown Sci Access High 
HBS,21410.COS.6014.CY6.00,T-6014:Sci Access High Re
HBS,21410.COS.6015.CY4.00,T-6015:EOS Proj Sci Supp
HBS,21410.COS.6015.CY5.00,T-6015:EOS Proj Sci Supp
HBS,21410.COS.6015.CY6.00,T-6015:EOS Proj Sci Supp
HBS,21410.COS.6016.CY4.00,T-6016:Carbon Cyc & Eco
HBS,21410.COS.6016.CY5.00,T-6016:Carbon Cyc & Eco
HBS,21410.COS.6016.CY6.00,T-6016:Carbon Cyc & Eco
HBS,21410.COS.6017.CY4.00,T-6017:GSFC Diffuser Cal
HBS,21410.COS.6017.CY5.00,T-6017:GSFC Diffuser Cal
HBS,21410.COS.6017.CY6.00,T-6017:GSFC Diffuser Cal
HBS,21410.COS.6018.CY4.00,T-6018:Bio Sci Lab Suppor
HBS,21410.COS.6018.CY5.00,T-6018:Bio Sci Lab Suppor
HBS,21410.COS.6018.CY5.Z0,Shutdown Bio Sci Lab Supp
HBS,21410.COS.6018.CY6.00,T-6018:Bio Sci Lab Suppor
HBS,21410.COS.6019.CY4.00,T-6019:Prop Mgmt
HBS,21410.COS.6019.CY5.00,T-6019:Prop Mgmt
HBS,21410.COS.6019.CY5.Z0,Shutdown Prop Mgmt
HBS,21410.COS.6019.CY6.00,T-6019:Prop Mgmt
HBS,21410.COS.6020.CY5.00,T-6020:Landsat-8 Cal Sci
HBS,21410.COS.6020.CY6.00,T-6020:Landsat-8 Cal Sci
HBS,21410.COS.6021.CY4.00,T-6021:Boreal Forest
HBS,21410.COS.6021.CY5.00,T-6021:Boreal Forest
HBS,21410.COS.6021.CY6.00,T-6021:Boreal Forest
HBS,21410.COS.6022.CY4.00,T-6022:AERONET Support
HBS,21410.COS.6022.CY5.00,T-6022:AERONET Support
HBS,21410.COS.6022.CY5.Z0,Shutdown AERONET Support
HBS,21410.COS.6022.CY6.00,T-6022:AERONET Support
HBS,21410.COS.6023.CY4.00,T-6023:NPP VIIRS Cal Sup
HBS,21410.COS.6023.CY5.00,T-6023:NPP VIIRS Cal Sup
HBS,21410.COS.6023.CY6.00,T-6023:NPP VIIRS Cal Sup
HBS,21410.COS.6024.CY4.00,T-6024:VIIRS SDR Cal Sup
HBS,21410.COS.6024.CY5.00,T-6024:VIIRS SDR Cal Sup
HBS,21410.COS.6024.CY6.00,T-6024:VIIRS SDR Cal Sup
HBS,21410.COS.6025.CY4.00,T-6025: Earth Obs & Web
HBS,21410.COS.6025.CY5.00,T-6025: Earth Obs & Web
HBS,21410.COS.6025.CY6.00,T-6025: Earth Obs & Web
HBS,21410.COS.6026.CY4.0A,T-6026:Soft Dev Proj Gen
HBS,21410.COS.6026.CY5.0A,T-6026:Soft Dev Proj Gen
HBS,21410.COS.6026.CY5.ZA,Shutdown Soft Dev Proj Ge
HBS,21410.COS.6026.CY6.0A,T-6026:Soft Dev Proj Gen
HBS,21410.COS.6027.CY4.00,T-6027:Qual Assess of Lev
HBS,21410.COS.6027.CY5.00,T-6027:Qual Assess of Lev
HBS,21410.COS.6027.CY6.00,T-6027:Qual Assess of Lev
HBS,21410.COS.6028.CY4.00,T-6028: TERRA EPO
HBS,21410.COS.6028.CY5.00,T-6028: TERRA EPO
HBS,21410.COS.6028.CY6.00,T-6028: TERRA EPO
HBS,21410.COS.6030.CY4.00,T-6030:MODIS Charac Sup
HBS,21410.COS.6030.CY5.00,T-6030:MODIS Charac Sup
HBS,21410.COS.6030.CY6.00,T-6030:MODIS Charac Sup
HBS,21410.COS.6031.CY4.00,T-6031:G-LiHT
HBS,21410.COS.6031.CY5.00,T-6031:G-LiHT
HBS,21410.COS.6031.CY6.00,T-6031:G-LiHT
HBS,21410.COS.6032.CY4.00,T-6032:Forest Fire & LIDA
HBS,21410.COS.6033.CY4.00,T-6033:Soft Dev Sens Anly
HBS,21410.COS.6033.CY5.00,T-6033:Soft Dev Sens Anly
HBS,21410.COS.6033.CY5.Z0,T-6033:Shutdown
HBS,21410.COS.6033.CY6.00,T-6033:Soft Dev Sens Anly
HBS,21410.COS.6034.CY4.00,T-6034:JPSS Sci Support
HBS,21410.COS.6034.CY5.00,T-6034:JPSS Sci Support
HBS,21410.COS.6034.CY6.00,T-6034:JPSS Sci Support
HBS,21410.COS.6035.CY4.00,T-6035:Web Dev
HBS,21410.COS.6035.CY5.00,T-6035:Web Dev
HBS,21410.COS.6035.CY6.00,T-6035:Web Dev
HBS,21410.COS.6037.CY4.00,T-6037:GOES-R Image Nv
HBS,21410.COS.6037.CY5.00,T-6037:GOES-R Image Nv
HBS,21410.COS.6037.CY6.00,T-6037:GOES-R Image Nv
HBS,21410.COS.6038.CY4.00,T-6038:Phyto Dynamics
HBS,21410.COS.6038.CY5.00,T-6038:Phyto Dynamics
HBS,21410.COS.6038.CY6.00,T-6038:Phyto Dynamics
HBS,21410.COS.6040.CY4.00,T-6040:Aura EPO Support
HBS,21410.COS.6040.CY5.00,T-6040:Aura EPO Support
HBS,21410.COS.6041.CY4.00,T-6041:Edu & Outrch Coor
HBS,21410.COS.6041.CY5.00,T-6041:Edu & Outrch Coor
HBS,21410.COS.6041.CY6.00,T-6041:Edu & Outrch Coor
HBS,21410.COS.6044.CY4.00,T-6044:Prop & Safe Coord
HBS,21410.COS.6044.CY5.00,T-6044:Prop & Safe Coord
HBS,21410.COS.6044.CY6.00,T-6044:Prop & Safe Coord
HBS,21410.COS.6045.CY4.00,T-6045:Air Top Mapper
HBS,21410.COS.6045.CY5.00,T-6045:Air Top Mapper
HBS,21410.COS.6045.CY6.00,T-6045:Air Top Mapper
HBS,21410.COS.6046.CY4.00,T-6046:MODIS VIIRS & CEOS
HBS,21410.COS.6046.CY5.00,T-6046:MODIS VIIRS & CEOS
HBS,21410.COS.6046.CY5.Z0,Shutdown MODIS VIIRS & CE
HBS,21410.COS.6046.CY6.00,T-6046:MODIS VIIRS & CEOS
HBS,21410.COS.6047.CY3.00,T-6047:Landsat-8 Acq
HBS,21410.COS.6047.CY4.00,T-6047:Landsat-8 Acq
HBS,21410.COS.6047.CY5.00,T-6047:Landsat-8 Acq
HBS,21410.COS.6047.CY5.Z0,Shutdown Landsat-8 Acq
HBS,21410.COS.6047.CY6.00,T-6047:Landsat-8 Acq
HBS,21410.COS.6050.CY4.00,T-6050: SI-Trace Cal 
HBS,21410.COS.6050.CY5.00,T-6050: SI-Trace Cal 
HBS,21410.COS.6050.CY6.00,T-6050: SI-Trace Cal 
HBS,21410.COS.6051.CY4.00,T-6051: Code 610/690 Lab
HBS,21410.COS.6052.CY2.0A,T-6052: LVIS/GEDI
HBS,21410.COS.6052.CY4.0A,T-6052: LVIS/GEDI
HBS,21410.COS.6052.CY4.0B,T-6052: LVIS/GEDI
HBS,21410.COS.6052.CY4.0D,T-6052:Dynamic Aviation
HBS,21410.COS.6052.CY5.0A,T-6052: LVIS/GEDI
HBS,21410.COS.6052.CY5.0B,T-6052: LVIS/GEDI
HBS,21410.COS.6052.CY5.0D,T-6052:Dynamic Aviation
HBS,21410.COS.6052.CY6.0A,T-6052: LVIS/GEDI
HBS,21410.COS.6052.CY6.0B,T-6052: LVIS/GEDI
HBS,21410.COS.6052.CY6.0D,T-6052:Dynamic Aviation
HBS,21410.COS.6053.CY4.0A,T-6053: Applied Sci Sup
HBS,21410.COS.6053.CY4.0C,T-6053: Applied Sci Sup
HBS,21410.COS.6053.CY4.0F,T-6053: Applied Sci Sup
HBS,21410.COS.6053.CY4.0G,T-6053: Applied Sci Sup
HBS,21410.COS.6053.CY4.0H,T-6053: Applied Sci Sup
HBS,21410.COS.6053.CY5.0A,T-6053: Applied Sci Sup
HBS,21410.COS.6053.CY5.0C,T-6053: Applied Sci Sup
HBS,21410.COS.6053.CY5.0F,T-6053: Applied Sci Sup
HBS,21410.COS.6053.CY5.0G,T-6053: Applied Sci Sup
HBS,21410.COS.6053.CY5.0H,T-6053: Applied Sci Sup
HBS,21410.COS.6053.CY6.0A,T-6053: Applied Sci Sup
HBS,21410.COS.6053.CY6.0C,T-6053: Applied Sci Sup
HBS,21410.COS.6053.CY6.0D,T-6053: Applied Sci Sup
HBS,21410.COS.6053.CY6.0F,T-6053: Applied Sci Sup
HBS,21410.COS.6053.CY6.0G,T-6053: Applied Sci Sup
HBS,21410.COS.6053.CY6.0H,T-6053: Applied Sci Sup
HBS,21410.COS.6054.CY4.00,T-6054: Ocean Biogeo Chem
HBS,21410.COS.6054.CY5.00,T-6054: Ocean Biogeo Chem
HBS,21410.COS.6054.CY6.00,T-6054: Ocean Biogeo Chem
HBS,21410.COS.6055.CY4.00,T-6055: Aqua Project Sci 
HBS,21410.COS.6056.CY4.0A,T-6056: Hydro Sci Lab
HBS,21410.COS.6056.CY4.0B,T-6056: Hydro Sci Lab
HBS,21410.COS.6056.CY4.0C,T-6056: Hydro Sci Lab
HBS,21410.COS.6056.CY4.0D,T-6056: Hydro Sci Lab
HBS,21410.COS.6056.CY4.0E,T-6056: Hydro Sci Lab
HBS,21410.COS.6056.CY4.0F,T-6056: Hydro Sci Lab
HBS,21410.COS.6056.CY5.0A,T-6056: Hydro Sci Lab
HBS,21410.COS.6056.CY5.0B,T-6056: Hydro Sci Lab
HBS,21410.COS.6056.CY5.0C,T-6056: Hydro Sci Lab
HBS,21410.COS.6056.CY5.0D,T-6056: Hydro Sci Lab
HBS,21410.COS.6056.CY5.0E,T-6056: Hydro Sci Lab
HBS,21410.COS.6056.CY5.0F,T-6056: Hydro Sci Lab
HBS,21410.COS.6056.CY5.0G,T-6056: Hydro Sci Lab
HBS,21410.COS.6056.CY6.0A,T-6056: Hydro Sci Lab
HBS,21410.COS.6056.CY6.0B,T-6056: Hydro Sci Lab
HBS,21410.COS.6056.CY6.0C,T-6056: Hydro Sci Lab
HBS,21410.COS.6056.CY6.0D,T-6056: Hydro Sci Lab
HBS,21410.COS.6056.CY6.0E,T-6056: Hydro Sci Lab
HBS,21410.COS.6056.CY6.0F,T-6056: Hydro Sci Lab
HBS,21410.COS.6056.CY6.0G,T-6056: Hydro Sci Lab
HBS,21410.COS.6058.CY4.00,T-6058: MODIS & VIIRS Sup
HBS,21410.COS.6058.CY5.00,T-6058: MODIS & VIIRS Sup
HBS,21410.COS.6059.CY4.00,T-6059: MODIS VIIRS LandS
HBS,21410.COS.6060.CY4.0D,T-6060: Subtask D GIMMS
HBS,21410.COS.6060.CY4.0E,T-6060: Subtask E Img Ana
HBS,21410.COS.6060.CY4.0I,T-6060: Subtask I Trop Gl
HBS,21410.COS.6060.CY5.0D,T-6060: Subtask D GIMMS
HBS,21410.COS.6060.CY5.0E,T-6060: Subtask E Img Ana
HBS,21410.COS.6060.CY5.0I,T-6060: Subtask I Trop Gl
HBS,21410.COS.6060.CY5.ZE,Shutdown Subtask E Img An
HBS,21410.COS.6060.CY5.ZI,Shutdown Subtask I TropGl
HBS,21410.COS.6060.CY6.0D,T-6060: Subtask D GIMMS
HBS,21410.COS.6060.CY6.0E,T-6060: Subtask E Img Ana
HBS,21410.COS.6060.CY6.0I,T-6060: Subtask I Trop Gl
HBS,21410.COS.6061.CY4.00,T-6061: Sat Alt Hydrology
HBS,21410.COS.6061.CY5.00,T-6061: Sat Alt Hydrology
HBS,21410.COS.6061.CY6.00,T-6061: Sat Alt Hydrology
HBS,21410.COS.6062.CY4.00,T-6062: LandSat Web & His
HBS,21410.COS.6062.CY5.00,T-6062: LandSat Web & His
HBS,21410.COS.6062.CY6.00,T-6062: LandSat Web & His
HBS,21410.COS.6066.CY3.0F,T-6066: GEDI Flight LEU
HBS,21410.COS.6066.CY3.0H,T-6066: GEDI GSE
HBS,21410.COS.6066.CY4.0C,T-6066: GEDI Detec System
HBS,21410.COS.6066.CY4.0D,T-6066: GEDI Mech Systems
HBS,21410.COS.6066.CY4.0F,T-6066: GEDI Flight LEU
HBS,21410.COS.6066.CY4.0G,T-6066: GEDI BCE Design
HBS,21410.COS.6066.CY4.0H,T-6066: GEDI GSE
HBS,21410.COS.6067.CY4.00,T-6067: Int Greenhouse
HBS,21410.COS.6068.CY4.00,T-6068:GEO CAPE OC Res 
HBS,21410.COS.6070.CY4.00,T-6070:ICESat-2 App Sci  
HBS,21410.COS.6070.CY5.00,T-6070:ICESat-2 App Sci  
HBS,21410.COS.6070.CY6.00,T-6070:ICESat-2 App Sci  
HBS,21410.COS.6071.CY4.00,T-6071:Com Sat Data &  
HBS,21410.COS.6071.CY5.00,T-6071:Com Sat Data &  
HBS,21410.COS.6071.CY6.00,T-6071:Com Sat Data &  
HBS,21410.COS.6072.CY3.00,T-6072:CMS
HBS,21410.COS.6072.CY4.00,T-6072:CMS
HBS,21410.COS.6072.CY5.00,T-6072:CMS
HBS,21410.COS.6073.CY4.0A,T-6073: SMAP Subtask A
HBS,21410.COS.6073.CY4.ZA,Shutdown SMAP Subtask A
HBS,21410.COS.6073.CY5.0A,T-6073: SMAP Subtask A
HBS,21410.COS.6073.CY6.0A,T-6073: SMAP Subtask A
HBS,21410.COS.6074.CY4.00,T-6074: MABEL Ins Support
HBS,21410.COS.6074.CY5.00,T-6074: MABEL Ins Support
HBS,21410.COS.6075.CY4.0A,Subtask A: Wide Field Img
HBS,21410.COS.6075.CY4.0B,Subtask B: HIRMES Instrum
HBS,21410.COS.6075.CY4.0C,Subtask C: PI/CW Rck Elec
HBS,21410.COS.6075.CY4.0D,Subtask D: Sky Sim SW
HBS,21410.COS.6075.CY5.0B,Subtask B: HIRMES Instrum
HBS,21410.COS.6075.CY6.0A,Subtask A: Wide Field Img
HBS,21410.COS.6075.CY6.0B,Subtask B: HIRMES Instrum
HBS,21410.COS.6075.CY6.0C,Subtask C: PI/CW Rck Elec
HBS,21410.COS.6075.CY6.0D,Subtask D: Sky Sim SW
HBS,21410.COS.6078.CY4.00,T-6078: Fld Meas Protocol
HBS,21410.COS.6078.CY5.00,T-6078: Fld Meas Protocol
HBS,21410.COS.6078.CY6.00,T-6078: Fld Meas Protocol
HBS,21410.COS.6079.CY4.00,T-6079: HPLC Prod Analysi
HBS,21410.COS.6079.CY5.00,T-6079: HPLC Prod Analysi
HBS,21410.COS.6079.CY6.00,T-6079: HPLC Prod Analysi
HBS,21410.COS.6081.CY4.0A,T-6081: Subtask A
HBS,21410.COS.6081.CY5.0A,T-6081: Subtask A
HBS,21410.COS.6081.CY6.0A,T-6081: Subtask A
HBS,21410.COS.6081.CY6.0B,T-6081: Subtask B
HBS,21410.COS.6081.CY6.0C,T-6081: Subtask C
HBS,21410.COS.6081.CY6.0D,T-6081: Subtask D
HBS,21410.COS.6084.CY4.00,T-6084: Sup for Tun Laser
HBS,21410.COS.6084.CY5.00,T-6084: Sup for Tun Laser
HBS,21410.COS.6084.CY5.Z0,T-6084: Shutdown
HBS,21410.COS.6084.CY6.00,T-6084: Sup for Tun Laser
HBS,21410.COS.6085.CY3.00,T-6085: Laser Het Rad Sup
HBS,21410.COS.6086.CY4.00,T-6086: NOAA GOES-R
HBS,21410.COS.6086.CY5.00,T-6086: NOAA GOES-R
HBS,21410.COS.6087.CY4.00,T-6087: Landsat TIRS-2
HBS,21410.COS.6087.CY5.00,T-6087: Landsat TIRS-2
HBS,21410.COS.6087.CY6.00,T-6087: Landsat TIRS-2
HBS,21410.COS.6088.CY4.00,T-6088: RRNES Investigati
HBS,21410.COS.6088.CY5.00,T-6088: RRNES Investigati
HBS,21410.COS.6088.CY6.00,T-6088: RRNES Investigati
HBS,21410.COS.6091.CY4.00,T-6091: PACE Sci Data Ana
HBS,21410.COS.6091.CY5.00,T-6091: PACE Sci Data Ana
HBS,21410.COS.6092.CY4.00,T-6092: PACE Web Support
HBS,21410.COS.6092.CY5.00,T-6092: PACE Web Support
HBS,21410.COS.6092.CY6.00,T-6092: PACE Web Support
HBS,21410.COS.6094.CY4,T-6094: GSFC App Sci Coor
HBS,21410.COS.6094.CY4.00,T-6094: GSFC App Sci Coor
HBS,21410.COS.6095.CY4.0A,T-6095: Earth Sci Edu (A)
HBS,21410.COS.6095.CY4.0B,T-6095: Earth Sci Edu (B)
HBS,21410.COS.6095.CY5.0A,T-6095: Earth Sci Edu (A)
HBS,21410.COS.6095.CY5.0B,T-6095: Earth Sci Edu (B)
HBS,21410.COS.6095.CY6.0A,T-6095: Earth Sci Edu (A)
HBS,21410.COS.6095.CY6.0B,T-6095: Earth Sci Edu (B)
HBS,21410.COS.6096.CY4,T-6096: Sppt for Mag Lab
HBS,21410.COS.6096.CY4.00,T-6096: Sppt for Mag Lab
HBS,21410.COS.6096.CY5,T-6096: Sppt for Mag Lab
HBS,21410.COS.6096.CY5.00,T-6096: Sppt for Mag Lab
HBS,21410.COS.6096.CY6,T-6096: Sppt for Mag Lab
HBS,21410.COS.6096.CY6.00,T-6096: Sppt for Mag Lab
HBS,21410.COS.6097.CY4,T-6097: Sppt High End Com
HBS,21410.COS.6097.CY4.00,T-6097: Sppt High End Com
HBS,21410.COS.6097.CY5,T-6097: Sppt High End Com
HBS,21410.COS.6097.CY5.00,T-6097: Sppt High End Com
HBS,21410.COS.6098.CY4,T-6098: App Sci Proj Sppt
HBS,21410.COS.6098.CY4.00,T-6098: App Sci Proj Sppt
HBS,21410.COS.6099.CY4.00,T-6099: Landsat TIRS-2 
HBS,21410.COS.6099.CY5.00,T-6099: Landsat TIRS-2 
HBS,21410.COS.6099.CY6.00,T-6099: Landsat TIRS-2 
HBS,21410.COS.6103.CY4.00,T-6103: B33/F403 Mech Lab
HBS,21410.COS.6103.CY5.00,T-6103: B33/F403 Mech Lab
HBS,21410.COS.6103.CY5.Z0,T-6103: Shutdown
HBS,21410.COS.6103.CY6.00,T-6103: B33/F403 Mech Lab
HBS,21410.COS.6104.CY4.00,T-6104: Mech Lab Spt Sol
HBS,21410.COS.6104.CY5.00,T-6104: Mech Lab Spt Sol
HBS,21410.COS.6104.CY5.Z0,T-6104: Shutdown
HBS,21410.COS.6104.CY6.00,T-6104: Mech Lab Spt Sol
HBS,21410.COS.6105.CY4.00,T-6105: NASA HQ ASP Conf
HBS,21410.COS.6105.CY5.00,T-6105: NASA HQ ASP Conf
HBS,21410.COS.6105.CY6.00,T-6105: NASA HQ ASP Conf
HBS,21410.COS.6106.CY4.00,T-6106: EOS Prjct Sci Off
HBS,21410.COS.6106.CY5.00,T-6106: EOS Prjct Sci Off
HBS,21410.COS.6106.CY6.00,T-6106: EOS Prjct Sci Off
HBS,21410.COS.6107.CY4.00,T-6107: NASA HQ Sci Missi
HBS,21410.COS.6107.CY5.00,T-6107: NASA HQ Sci Missi
HBS,21410.COS.6107.CY6.00,T-6107: NASA HQ Sci Missi
HBS,21410.COS.6108.CY4.00,T-6108: Part Coord Erth S
HBS,21410.COS.6108.CY5.00,T-6108: Part Coord Erth S
HBS,21410.COS.6109.CY4.00,T-6109: M2CROSS
HBS,21410.COS.6110.CY4.00,T-6110: MiniSpec IIP
HBS,21410.COS.6112.CY4.00,T-6112: CLARREO Path
HBS,21410.COS.6112.CY5.00,T-6112: CLARREO Path
HBS,21410.COS.6112.CY6.00,T-6112: CLARREO Path
HBS,21410.COS.6113.CY4.00,T-6113: Food Sec. Coord.
HBS,21410.COS.6113.CY5.00,T-6113: Food Sec. Coord.
HBS,21410.COS.6114.CY4.00,T-6114:: Lndsld Cit Sci 
HBS,21410.COS.6115.CY4.00,T-6115:: GPM App Sci 
HBS,21410.COS.6115.CY5.00,T-6115:: GPM App Sci 
HBS,21410.COS.6115.CY6.00,T-6115:: GPM App Sci 
HBS,21410.COS.6117.CY3.00,T-6117: SMAP Microwave
HBS,21410.COS.6117.CY4.00,T-6117: SMAP Microwave
HBS,21410.COS.6117.CY5.00,T-6117: SMAP Microwave
HBS,21410.COS.6117.CY6.00,T-6117: SMAP Microwave
HBS,21410.COS.6121.CY4.00,T-6121: PACE Cal Support
HBS,21410.COS.6121.CY5.00,T-6121: PACE Cal Support
HBS,21410.COS.6121.CY6.00,T-6121: PACE Cal Support
HBS,21410.COS.6123.CY4.00,T-6123: Earth Venture Sub
HBS,21410.COS.6124.CY4.00,T-6124: OBPG Software Dev
HBS,21410.COS.6124.CY5.00,T-6124: OBPG Software Dev
HBS,21410.COS.6125.CY4.00,T-6125: NASA Black Marble
HBS,21410.COS.6125.CY5.00,T-6125: NASA Black Marble
HBS,21410.COS.6125.CY6.00,T-6125: NASA Black Marble
HBS,21410.COS.6126.CY4.00,T-6126: GSFC App Sci Coor
HBS,21410.COS.6126.CY5.00,T-6126: GSFC App Sci Coor
HBS,21410.COS.6126.CY6.00,T-6126: GSFC App Sci Coor
HBS,21410.COS.6127.CY4.00,T-6127: Role of HFCs
HBS,21410.COS.6128.CY4.00,T-6128: HDL Support Task
HBS,21410.COS.6128.CY5.00,T-6128: HDL Support Task
HBS,21410.COS.6128.CY6.00,T-6128: HDL Support Task
HBS,21410.COS.6129.CY4.00,T-6129: Ocean Biology Pro
HBS,21410.COS.6129.CY5.00,T-6129: Ocean Biology Pro
HBS,21410.COS.6129.CY6.00,T-6129: Ocean Biology Pro
HBS,21410.COS.6130.CY4.00,T-6130: PACE Sci Data Seg
HBS,21410.COS.6130.CY5.00,T-6130: PACE Sci Data Seg
HBS,21410.COS.6130.CY6.00,T-6130: PACE Sci Data Seg
HBS,21410.COS.6131.CY4.00,T-6131: Ocean Color Res
HBS,21410.COS.6131.CY5.00,T-6131: Ocean Color Res
HBS,21410.COS.6131.CY6.00,T-6131: Ocean Color Res
HBS,21410.COS.6132.CY4.00,T-6132: PACE Proj Sci Sup
HBS,21410.COS.6132.CY5.00,T-6132: PACE Proj Sci Sup
HBS,21410.COS.6132.CY6.00,T-6132: PACE Proj Sci Sup
HBS,21410.COS.6133.CY4.00,T-6133: NOAA Drought TF
HBS,21410.COS.6133.CY5.00,T-6133: NOAA Drought TF
HBS,21410.COS.6134.CY5.00,T-6134: SBG Mission & Sat
HBS,21410.COS.6134.CY6.00,T-6134: SBG Mission & Sat
HBS,21410.COS.6135.CY5.00,T-6135:MiniSpec IIP 2
HBS,21410.COS.6137.CY5.00,T-6137:Science MissionESD
HBS,21410.COS.6137.CY6.00,T-6137:Science MissionESD
HBS,21410.COS.6138.CY5.00,T-6138:Long Path OH Devel
HBS,21410.COS.6138.CY6.00,T-6138:Long Path OH Devel
HBS,21410.COS.6139.CY5.00,T-6139:GLAMR Science
HBS,21410.COS.6139.CY6.00,T-6139:GLAMR Science
HBS,21410.COS.6142.CY6.00,T-6142: Acctng turb atmos
HBS,21410.COS.6144.CY6.00,T-6144: PACE Sci App Prog
HBS,21410.COS.6145.CY6.00,T-6145: NEPAC
HBS,21410.COS.6146.CY6.00,T-6146: GEO-XO Req Dev
HBS,21410.COS.6147.CY6.00,T-6147: GSFC App Sci
HBS,21410.COS.GMR1.CY4.00,GMR1 CY4 SPD TASK
HBS,21410.COS.GMR2.CY4.00,GMR2 CY4 SPD TASK
HBS,21410.COS.GMR3.CY4.00,GMR3 CY4 SPD TASK
HBS,21410.COS.GMR4.CY4.00,GMR4 CY4 SPD TASK
HBS,21410.COS.GMR5.CY4.00,GMR5 CY4 SPD TASK
HBS,21410.COS.GMR6.CY4.00,GMR6 CY4 SPD TASK
HBS,21410.COS.GMRA.CY5.00,GMR All CY5 SPD TASK
HBS,21410.COS.GMRA.CY5.01,GMR All CAS CY5 SPD TASK
HBS,21410.COS.GMRO.CY5.00,GMR Onsite CY5 SPD TASK
HBS,21410.COS.PMO1.CY4.00,PMO1 CY4 SPD TASK
HBS,21410.COS.PMO1.CY5.00,PMO1 CY5 SPD TASK
HBS,21410.COS.PMO1.CY6.00,PMO1 CY6 SPD TASK
EPA RLS,21516.OP4.WA.4.092,Project WA-4-092
EPA RLS,21516.OP4.WA.4.093,Project WA-4-093
EPA RLS,21516.OP4.WA.4.096,Project WA-4-096
EPA RLS,21516.OP4.WA.4.097,Project WA-4-097
EPA RLS,21516.OP4.WA.4.098,Project WA-4-098
EPA RLS,21516.OP4.WA.4.099,Project WA-4-099
EPA RLS,21516.OP4.WA.4.100,Project WA-4-100
EPA RLS,21516.OP4.WA.4.105,Project WA-4-105
EPA RLS,21516.OP4.WA.4.111,Project WA-4-111
EPA RLS,21516.OP4.WA.4.113,Project WA-4-113
EPA RLS,21516.OP4.WA.4.119,Project WA-4-119
EPA RLS,21516.OP4.WA.4.125,Project WA-4-125
EPA RLS,21516.OP4.WA.4.128,Project WA-4-128
EPA RLS,21516.OP4.WA.4.175,Project WA-4-175
EPA RLS,21516.OP4.WA.4.176,Project WA-4-176
EPA RLS,21516.OP4.WA.4.250,Project WA-4-250
EPA RLS,21516.OP4.WA.4.252,Project WA-4-252
EPA RLS,21516.OP4.WA.4.253,Project WA-4-253
EPA RLS,21516.OP4.WA.4.254,Project WA-4-254
EPA RLS,21516.OP4.WA.4.256,Project WA-4-256
EPA RLS,21516.OP4.WA.4.257,Project WA-4-257
EPA RLS,21516.OP4.WA.4.RDC,Project WA-4-RDC
EPA RLS,21516.OP4.XX.X.MED,Medical S&H
EPA RLS,21516.OP5.WA.5.001,Project WA-5-001
EPA RLS,21516.OP5.WA.5.003,Project WA-5-003
EPA RLS,21516.OP5.WA.5.006,Project WA-5-006
EPA RLS,21516.OP5.WA.5.008,Project WA-5-008
EPA RLS,21516.OP5.WA.5.023,Project WA-5-023
EPA RLS,21516.OP5.WA.5.026,Project WA-5-026
EPA RLS,21516.OP5.WA.5.027,Project WA-5-027
EPA RLS,21516.OP5.WA.5.037,Project WA-5-037
EPA RLS,21516.OP5.WA.5.044,Project WA-5-044
EPA RLS,21516.OP5.WA.5.045,Project WA-5-045
EPA RLS,21516.OP5.WA.5.047,Project WA-5-047
EPA RLS,21516.OP5.WA.5.050,Project WA-5-050
EPA RLS,21516.OP5.WA.5.059,Project WA-5-059
EPA RLS,21516.OP5.WA.5.061,Project WA-5-061
EPA RLS,21516.OP5.WA.5.083,Project WA-5-083
EPA RLS,21516.OP5.WA.5.093,Project WA-5-093
EPA RLS,21516.OP5.WA.5.096,Project WA-5-096
EPA RLS,21516.OP5.WA.5.097,Project WA-5-097
EPA RLS,21516.OP5.WA.5.098,Project WA-5-098
EPA RLS,21516.OP5.WA.5.099,Project WA-5-099
EPA RLS,21516.OP5.WA.5.100,Project WA-5-100
EPA RLS,21516.OP5.WA.5.105,Project WA-5-105
EPA RLS,21516.OP5.WA.5.111,Project WA-5-111
EPA RLS,21516.OP5.WA.5.113,Project WA-5-113
EPA RLS,21516.OP5.WA.5.119,Project WA-5-119
EPA RLS,21516.OP5.WA.5.125,Project WA-5-125
EPA RLS,21516.OP5.WA.5.128,Project WA-5-128
EPA RLS,21516.OP5.WA.5.175,Project WA-5-175
EPA RLS,21516.OP5.WA.5.250,Project WA-5-250
EPA RLS,21516.OP5.WA.5.252,Project WA-5-252
EPA RLS,21516.OP5.WA.5.253,Project WA-5-253
EPA RLS,21516.OP5.WA.5.254,Project WA-5-254
EPA RLS,21516.OP5.WA.5.255,Project WA-5-255
EPA RLS,21516.OP5.WA.5.256,Project WA-5-256
EPA RLS,21516.OP5.WA.5.257,Project WA-5-257
EPA RLS,21516.OP5.WA.5.258,Project WA-5-258
EPA RLS,21516.OP5.WA.5.259,Project WA-5-259
EPA RLS,21516.OP5.WA.5.RDC,Project WA-5-RDC
LITES - II,21519.CY4.002.A001.001,Sub Task A001.001
LITES - II,21519.CY4.002.B006.001,Sub Task B006.001
LITES - II,21519.CY4.002.XXXX.PMO,Sub Task PMO
LITES - II,21519.CY5.002.A001.001,Sub Task A001.001
LITES - II,21519.CY5.002.B006.001,Sub Task B006.001
LITES - II,21519.CY5.002.XXXX.PMO,Sub Task PMO
SES II,21604.COS.B.0.0011.00.00,ETD IT Lab Services
SES II,21604.COS.B.0.0011.01.00,ETD IT Lab Services
SES II,21604.COS.B.0.4004.01.00,LCRD Mission Support #1
SES II,21604.COS.B.0.6001.01.00,System Engineering ESDIS
SES II,21604.COS.B.0.6002.00.00,ESDIS Configuration MGT
SES II,21604.COS.B.0.6003.01.00,Sci Data App Dev & Oper.
SES II,21604.COS.B.0.6004.01.00,GLOBE DIS Support
SES II,21604.COS.B.0.6004.03.00,GLOBE Citizen Science Sup
SES II,21604.COS.B.0.6004.04.00,GLOBE Cit Sci Suplemt Sup
SES II,21604.COS.B.0.PMOS,SES II PMO
STARSS III,21606.CL2.WP1.D006.00,TDN D006 AWP 1
STARSS III,21606.CL2.WP2.D006.00,TDN D006 AWP 2
STARSS III,21606.CL2.WP2.D017.00,TDN D017 AWP 2
STARSS III,21606.CL2.WP2.D018.00,TDN D018 AWP 2
STARSS III,21606.CL2.WP2.D020.00,TDN D020 AWP 2
STARSS III,21606.CL2.WP2.M001.0A,TDN M001 AWP 2 - SUBTDN A
STARSS III,21606.CL2.WP3.1FAC.00,S3 CL2 AWP 3 FAC SPD CHR
STARSS III,21606.CL2.WP3.B001.00,TDN B001 AWP 3
STARSS III,21606.CL2.WP3.C005.IN,TDN C005 DEV INTERNS
STARSS III,21606.CL2.WP3.D012.00,TDN D012 AWP 3
STARSS III,21606.CL2.WP3.D013.0C,TDN D013 AWP 3 - SUBTDN C
STARSS III,21606.CL2.WP3.D013.0D,TDN D013 AWP 3 - SUBTDN D
STARSS III,21606.CL2.WP3.D017.00,TDN D017 AWP 3
STARSS III,21606.CL2.WP3.D018.00,TDN D018 AWP 3
STARSS III,21606.CL2.WP3.D021.00,TDN D021 AWP 3
STARSS III,21606.CL2.WP3.D025.00,TDN D025 AWP 3
STARSS III,21606.CL2.WP3.D028.00,TDN D028 AWP 3
STARSS III,21606.CL2.WP3.F008.00,TDN F008 AWP 3
STARSS III,21606.CL2.WP3.L005.00,TDN L005 AWP 3
STARSS III,21606.CL2.WP3.M001.0A,TDN M001 AWP 3 - SUBTDN A
STARSS III,21606.CL2.WP3.R001.00,TDN R001 AWP 3
STARSS III,21606.CL2.WP4.1DPT.00,S3 CL2 AWP 4 DEPT SPD CHR
STARSS III,21606.CL2.WP4.1FAC.00,S3 CL2 AWP 4 FAC SPD CHR
STARSS III,21606.CL2.WP4.1MGT.00,S3 CL2 AWP 4 MGMT SPD CHR
STARSS III,21606.CL2.WP4.1SUB.00,S3 CL2 AWP 4 SUB SPD CHR
STARSS III,21606.CL2.WP4.A001.00,TDN A001 AWP 4
STARSS III,21606.CL2.WP4.A002.00,TDN A002 AWP 4
STARSS III,21606.CL2.WP4.A003.00,TDN A003 AWP 4
STARSS III,21606.CL2.WP4.A003.0A,TDN A003 AWP 4
STARSS III,21606.CL2.WP4.A003.0B,TDN A003 AWP 4
STARSS III,21606.CL2.WP4.A004.00,TDN A004 AWP 4
STARSS III,21606.CL2.WP4.A005.00,TDN A005 AWP 4
STARSS III,21606.CL2.WP4.A008.00,TDN A008 AWP 4
STARSS III,21606.CL2.WP4.A009.00,TDN A009 AWP 4
STARSS III,21606.CL2.WP4.A010.00,TDN A010 AWP 4
STARSS III,21606.CL2.WP4.A011.00,TDN A011 AWP 4
STARSS III,21606.CL2.WP4.B001.00,TDN B001 AWP 4
STARSS III,21606.CL2.WP4.B003.00,TDN B003 ASDC SCF AWP 4
STARSS III,21606.CL2.WP4.B003.0A,4.14.1 CERES
STARSS III,21606.CL2.WP4.B003.0B,4.14.2 CALIPSO
STARSS III,21606.CL2.WP4.B003.0C,4.14.3 SatCORPS
STARSS III,21606.CL2.WP4.B003.0D,4.14.4 SD EDUC OR GLOBE
STARSS III,21606.CL2.WP4.B003.0E,4.14.5 DEVELOP
STARSS III,21606.CL2.WP4.B003.0F,4.14.6 SAGE III
STARSS III,21606.CL2.WP4.B003.0G,4.14.7 CLARREO Pathfinder
STARSS III,21606.CL2.WP4.B003.0H,4.14.8 SRB/POWER
STARSS III,21606.CL2.WP4.B003.0J,4.14.9 HSRL
STARSS III,21606.CL2.WP4.B003.0K,4.14.10 EVS Projects
STARSS III,21606.CL2.WP4.B003.0L,4.14.11 Other
STARSS III,21606.CL2.WP4.B004.00,TDN B004 MAIA SDSD AWP 4
STARSS III,21606.CL2.WP4.C001.00,TDN C001 AWP 4
STARSS III,21606.CL2.WP4.C002.00,TDN C002 AWP 4
STARSS III,21606.CL2.WP4.C003.00,TDN C003 AWP 4
STARSS III,21606.CL2.WP4.C005.00,TDN C005 AWP 4
STARSS III,21606.CL2.WP4.C005.IN,TDN C005 DEV INTERNS
STARSS III,21606.CL2.WP4.C008.00,TDN C008 AWP 4
STARSS III,21606.CL2.WP4.C009.00,TDN C009 AWP 4
STARSS III,21606.CL2.WP4.C009.IN,TDN C009 DEV INTERNS
STARSS III,21606.CL2.WP4.C010.00,TDN C010 AWP 4
STARSS III,21606.CL2.WP4.D001.00,TDN D001 AWP 4
STARSS III,21606.CL2.WP4.D002.00,TDN D002 AWP 4
STARSS III,21606.CL2.WP4.D005.00,TDN D005 AWP 4
STARSS III,21606.CL2.WP4.D006.00,TDN D006 AWP 4
STARSS III,21606.CL2.WP4.D009.00,TDN D009 AWP 4
STARSS III,21606.CL2.WP4.D012.00,TDN D012 AWP 4
STARSS III,21606.CL2.WP4.D013.0A,TDN D013 AWP 4 - SUBTDN A
STARSS III,21606.CL2.WP4.D013.0B,TDN D013 AWP 4 - SUBTDN B
STARSS III,21606.CL2.WP4.D013.0C,TDN D013 AWP 4 - SUBTDN C
STARSS III,21606.CL2.WP4.D013.0D,TDN D013 AWP 4 - SUBTDN D
STARSS III,21606.CL2.WP4.D013.0E,TDN D013 AWP 4 - SUBTDN E
STARSS III,21606.CL2.WP4.D013.0F,TDN D013 AWP 4 - SUBTDN F
STARSS III,21606.CL2.WP4.D014.00,TDN D014 AWP 4
STARSS III,21606.CL2.WP4.D015.00,TDN D015 AWP 4
STARSS III,21606.CL2.WP4.D017.00,TDN D017 AWP 4
STARSS III,21606.CL2.WP4.D018.00,TDN D018 AWP 4
STARSS III,21606.CL2.WP4.D020.00,TDN D020 AWP 4
STARSS III,21606.CL2.WP4.D021.00,TDN D021 AWP 4
STARSS III,21606.CL2.WP4.D023.00,TDN D023 AWP 4
STARSS III,21606.CL2.WP4.D024.00,TDN D024 AWP 4
STARSS III,21606.CL2.WP4.D025.00,TDN D025 AWP 4
STARSS III,21606.CL2.WP4.D026.00,TDN D026 AWP 4
STARSS III,21606.CL2.WP4.D027.00,TDN D027 AWP 4
STARSS III,21606.CL2.WP4.D028.00,TDN D028 AWP 4
STARSS III,21606.CL2.WP4.D030.00,TDN D030 AWP 4
STARSS III,21606.CL2.WP4.D031.00,TDN D031 AWP 4
STARSS III,21606.CL2.WP4.D032.00,TDN D032 AWP 4
STARSS III,21606.CL2.WP4.D033.00,TDN D033 AWP 4
STARSS III,21606.CL2.WP4.E002.00,TDN E002 AWP 4
STARSS III,21606.CL2.WP4.E004.00,TDN E004 AWP 4
STARSS III,21606.CL2.WP4.E005.00,TDN E005 AWP 4
STARSS III,21606.CL2.WP4.E007.00,TDN E007 AWP 4
STARSS III,21606.CL2.WP4.E010.00,TDN E010 AWP 4
STARSS III,21606.CL2.WP4.E012.00,TDN E012 AWP 4
STARSS III,21606.CL2.WP4.E014.0A,TDN E014 AWP 4 - SUBTDN A
STARSS III,21606.CL2.WP4.E014.0B,TDN E014 AWP 4 - SUBTDN B
STARSS III,21606.CL2.WP4.E015.00,TDN E015 AWP 4
STARSS III,21606.CL2.WP4.E017.00,TDN E017 AWP 4
STARSS III,21606.CL2.WP4.E017.0A,TDN E017 AWP 4- SUBTDN A 
STARSS III,21606.CL2.WP4.E017.0B,TDN E017 AWP 4- SUBTDN B 
STARSS III,21606.CL2.WP4.E018.00,TDN E018 AWP 4
STARSS III,21606.CL2.WP4.E018.0A,TDN E018 AWP 4- SUBTDN A
STARSS III,21606.CL2.WP4.E018.0B,TDN E018 AWP 4- SUBTDN B
STARSS III,21606.CL2.WP4.E019.00,TDN E019 AWP 4
STARSS III,21606.CL2.WP4.E020.00,TDN E020 AWP 4
STARSS III,21606.CL2.WP4.E021.00,TDN E021 AWP 4
STARSS III,21606.CL2.WP4.E022.00,TDN E022 AWP 4
STARSS III,21606.CL2.WP4.E023.00,TDN E023 AWP 4
STARSS III,21606.CL2.WP4.F001.00,TDN F001 AWP 4
STARSS III,21606.CL2.WP4.F006.00,TDN F006 AWP 4
STARSS III,21606.CL2.WP4.F007.00,TDN F007 AWP 4
STARSS III,21606.CL2.WP4.F008.00,TDN F008 AWP 4
STARSS III,21606.CL2.WP4.F009.00,TDN F009 AWP 4
STARSS III,21606.CL2.WP4.F010.00,TDN F010 AWP 4
STARSS III,21606.CL2.WP4.L001.00,TDN L001 AWP 4
STARSS III,21606.CL2.WP4.L002.00,TDN L002 AWP 4
STARSS III,21606.CL2.WP4.L003.0A,TDN L003 AWP 4 - SUBTDN A
STARSS III,21606.CL2.WP4.L003.0B,TDN L003 AWP 4 - SUBTDN B
STARSS III,21606.CL2.WP4.L003.0C,TDN L003 AWP 4 - SUBTDN C
STARSS III,21606.CL2.WP4.L003.0D,TDN L003 AWP 4 - SUBTDN D
STARSS III,21606.CL2.WP4.L005.00,TDN L005 AWP 4
STARSS III,21606.CL2.WP4.M001.0A,TDN M001 AWP 4 - SUBTDN A
STARSS III,21606.CL2.WP4.M001.0B,TDN M001 AWP 4 - SUBTDN B
STARSS III,21606.CL2.WP4.M001.0C,TDN M001 AWP 4 - SUBTDN C
STARSS III,21606.CL2.WP4.M001.0D,TDN M001 AWP 4 - SUBTDN D
STARSS III,21606.CL2.WP4.M001.0E,TDN M001 AWP 4 - SUBTDN E
STARSS III,21606.CL2.WP4.M001.0F,TDN M001 AWP 4 - SUBTDN F
STARSS III,21606.CL2.WP4.M001.0G,TDN M001 AWP 4 - SUBTDN G
STARSS III,21606.CL2.WP4.M003.00,TDN M003 AWP 4
STARSS III,21606.CL2.WP4.M004.00,TDN M004 AWP 4
STARSS III,21606.CL2.WP4.M005.00,TDN M005 AWP 4
STARSS III,21606.CL2.WP4.M011.00,TDN M011 AWP 4
STARSS III,21606.CL2.WP4.M012.00,TDN M012 AWP 4
STARSS III,21606.CL2.WP4.M012.0A,TDN M012 AWP 4 - SUBTDN A
STARSS III,21606.CL2.WP4.M012.0B,TDN M012 AWP 4 - SUBTDN B
STARSS III,21606.CL2.WP4.M012.0C,TDN M012 AWP 4 - SUBTDN C
STARSS III,21606.CL2.WP4.M012.0D,TDN M012 AWP 4 - SUBTDN D
STARSS III,21606.CL2.WP4.M013.00,TDN M013 AWP 4
STARSS III,21606.CL2.WP4.M014.00,TDN M014 AWP 4
STARSS III,21606.CL2.WP4.M015.00,TDN M015 AWP 4
STARSS III,21606.CL2.WP4.M016.00,TDN M016 AWP 4
STARSS III,21606.CL2.WP4.M017.00,TDN M017 AWP 4
STARSS III,21606.CL2.WP4.M018.00,TDN M018 AWP 4
STARSS III,21606.CL2.WP4.R001.00,TDN R001 AWP 4
STARSS III,21606.CL2.WP4.R001.0A,TDN R001 SEVERE WEATHER
STARSS III,21606.CL2.WP4.R001.0B,TDN R001 CALIPSO CloudSat
STARSS III,21606.CL2.WP4.R001.0C,TDN R001 LASICS
STARSS III,21606.CL2.WP4.R004.00,TDN R004 AWP 4
STARSS III,21606.CL2.WP4.R005.00,TDN R005 AWP 4
STARSS III,21606.CL2.WP4.R007.00,TDN R007 AWP 4
SAMDA,21702.C.G.0001.00.CY4.A,Op Sys Dev & Maintenance
SAMDA,21702.C.G.0001.00.CY5.A,Op Sys Dev & Maintenance
SAMDA,21702.C.G.0002.00.CY4.A,DAS Production Operation
SAMDA,21702.C.G.0002.00.CY5.A,DAS Production Operation
SAMDA,21702.C.G.0003.00.CY4.A,Proj Management & Admin
SAMDA,21702.C.G.0003.00.CY5.A,Proj Management & Admin
SAMDA,21702.C.G.SPDA.00.CY4,Spangler Core Spread CY4
SAMDA,21702.C.G.SPDA.00.CY5,SAMDA PL Spread Core
SAMDA,21702.C.P.PMO2,PMO CORE CY2
SAMDA,21702.C.P.PMO3,PMO CORE CY3
SAMDA,21702.C.P.PMO4,PMO CORE CY4
SAMDA,21702.C.P.PMO5,PMO CORE CY5
SAMDA,21702.D.G.0011.0A.CY4.B,Contractor Travel
SAMDA,21702.D.G.0011.0A.CY5.B,Contractor Travel
SAMDA,21702.D.G.0011.0B.CY4.B,Meeting & Workshop Suppt
SAMDA,21702.D.G.0011.0B.CY5.B,Meeting & Workshop Suppt
SAMDA,21702.D.P.PMO4,PMO IDIQ CY4
SAMDA,21702.D.P.PMO5,PMO IDIQ CY5 
SAMDA,21702.D.S.0013.0A.CY4.C,Cld Phy Lid & Airbo In Sp
SAMDA,21702.D.S.0013.0A.CY5.C,Cld Phy Lid & Airbo In Sp
SAMDA,21702.D.S.0013.0B.CY4.C,Adv Lidar Processing
SAMDA,21702.D.S.0013.0B.CY5.C,Adv Lidar Processing
SAMDA,21702.D.S.0013.0C.CY4.C,ICESat-2
SAMDA,21702.D.S.0013.0C.CY5.C,ICESat-2
SAMDA,21702.D.S.0013.0D.CY4.C,Instrument Hardware Sup
SAMDA,21702.D.S.0013.0D.CY5.C,Instrument Hardware Sup
SAMDA,21702.D.S.0016.00.CY4.D,Laboratory Admin
SAMDA,21702.D.S.0016.00.CY5.D,Laboratory Admin
SAMDA,21702.D.S.0018.00.CY4.D,Satellite Aerosol Data An
SAMDA,21702.D.S.0018.00.CY5.D,Satellite Aerosol Data An
SAMDA,21702.D.S.0019.00.CY4.D,Supt MODIS VIIRS Aero Act
SAMDA,21702.D.S.0019.00.CY5.D,Supt MODIS VIIRS Aero Act
SAMDA,21702.D.S.0020.00.CY4.F,OMPS Nadir Inst & Sys Dev
SAMDA,21702.D.S.0021.0A.CY3.F,Instr Oper & Performanc
SAMDA,21702.D.S.0021.0A.CY4.F,Instrument Calibration
SAMDA,21702.D.S.0021.0A.CY5.F,Limb Product Dev
SAMDA,21702.D.S.0021.0B.CY3.F,Instrument Calibration
SAMDA,21702.D.S.0021.0B.CY4.F,Limb Prod Dev Main & Val
SAMDA,21702.D.S.0021.0B.CY5.F,Nadir Product Dev
SAMDA,21702.D.S.0021.0C.CY3.F,Limb Prod Dev Main & Val
SAMDA,21702.D.S.0021.0C.CY4.F,Nadir Prod Dev Main & Val
SAMDA,21702.D.S.0021.0C.CY5.F,Sage III Product Dev
SAMDA,21702.D.S.0021.0D.CY3.F,Nadir Prod Dev Main & Val
SAMDA,21702.D.S.0021.0D.CY4.F,Sage3 Prod Dev Main & Val
SAMDA,21702.D.S.0021.0E.CY3.F,Sage III Prod Dev Main
SAMDA,21702.D.S.0022.00.CY4.D,CAR Aerosol Cld & Rad St
SAMDA,21702.D.S.0022.0A.CY5.D,Instru airborn & SaSa sup
SAMDA,21702.D.S.0022.0B.CY5.D,Sun-climate research
SAMDA,21702.D.S.0024.00.CY4.D,Atmospheric Corr for EPIC
SAMDA,21702.D.S.0025.0A.CY4.D,Arnold George
SAMDA,21702.D.S.0025.0A.CY5.D,Arnold George
SAMDA,21702.D.S.0025.0B.CY4.D,Wind Galina
SAMDA,21702.D.S.0025.0B.CY5.D,Wind Galina
SAMDA,21702.D.S.0025.0C.CY4.D,Amarasinghe Nandana
SAMDA,21702.D.S.0025.0C.CY5.D,Amarasinghe Nandana
SAMDA,21702.D.S.0026.00.CY4.C,Mesoscale /612 Support
SAMDA,21702.D.S.0026.00.CY5.C,Mesoscale /612 Support
SAMDA,21702.D.S.0027.00.CY4.C,Global & Reg Precip An
SAMDA,21702.D.S.0027.00.CY5.C,Global & Reg Precip An
SAMDA,21702.D.S.0028.0A.CY3.D,Sun Climate Research
SAMDA,21702.D.S.0028.0B.CY3.D,Solar Irrad. Sun Climate
SAMDA,21702.D.S.0028.0B.CY4.D,Solar Irrad. Sun Climate
SAMDA,21702.D.S.0028.0B.CY5.D,Solar Irrad. Sun Climate
SAMDA,21702.D.S.0028.0D.CY3.D,Cloud & Wind Remote Sen
SAMDA,21702.D.S.0028.0D.CY4.D,Cloud & Wind Remote Sen
SAMDA,21702.D.S.0029.00.CY4.C,High-Altitude Radar
SAMDA,21702.D.S.0029.00.CY5.C,High-Altitude Radar
SAMDA,21702.D.S.0030.0A.CY4.C,Mesoscale Model: TRMM/GCE
SAMDA,21702.D.S.0030.0A.CY5.C,Mesoscale Model: TRMM/GCE
SAMDA,21702.D.S.0032.00.CY4.C,Micro Pulse Lidar Network
SAMDA,21702.D.S.0032.00.CY5.C,Micro Pulse Lidar Network
SAMDA,21702.D.S.0033.00.CY4.D,ARSET
SAMDA,21702.D.S.0033.00.CY5.D,ARSET
SAMDA,21702.D.S.0034.00.CY4.E,Ozone Trends Science Task
SAMDA,21702.D.S.0034.00.CY5.E,Ozone Trends Science Task
SAMDA,21702.D.S.0036.0A.CY4.E,Boehmler Jayne
SAMDA,21702.D.S.0036.0A.CY5.E,Boehmler Jayne
SAMDA,21702.D.S.0036.0B.CY4.E,Xiong Sam
SAMDA,21702.D.S.0036.0B.CY5.E,Xiong Sam
SAMDA,21702.D.S.0037.0C.CY4.E,Manyin Mike
SAMDA,21702.D.S.0037.0C.CY5.E,Manyin Mike
SAMDA,21702.D.S.0038.00.CY4.E,Ad Spt Atmo Chem & Dyn Br
SAMDA,21702.D.S.0038.00.CY5.E,Ad Spt Atmo Chem & Dyn Br
SAMDA,21702.D.S.0039.0A.CY3.C,Precip Valid & Supp Act
SAMDA,21702.D.S.0039.0A.CY4.C,Precip Valid & Supp Act
SAMDA,21702.D.S.0039.0A.CY5.C,Precip Valid & Supp Act
SAMDA,21702.D.S.0039.0B.CY3.C,GPM Proj Scientist Supp
SAMDA,21702.D.S.0039.0B.CY4.C,GPM Proj Scientist Supp
SAMDA,21702.D.S.0039.0B.CY5.C,GPM Proj Scientist Supp
SAMDA,21702.D.S.0039.0C.CY3.C,CPEX Hydrological Modelin
SAMDA,21702.D.S.0039.0D.CY3.C,MPLNET Support
SAMDA,21702.D.S.0039.0D.CY4.C,MPLNET Support
SAMDA,21702.D.S.0039.0E.CY3.C,CPL-CATS Support
SAMDA,21702.D.S.0039.0E.CY4.C,CPL-CATS Support
SAMDA,21702.D.S.0040.0A.CY4.E,OMI Core Team Support
SAMDA,21702.D.S.0040.0A.CY5.E,OMI Core Team Support
SAMDA,21702.D.S.0040.0B.CY4.E,Fluorescence Product Sup
SAMDA,21702.D.S.0040.0B.CY5.E,Fluorescence Product Sup
SAMDA,21702.D.S.0040.0C.CY4.E,NO2 MEaSUREs Data Sets Su
SAMDA,21702.D.S.0040.0C.CY5.E,NO2 MEaSUREs Data Sets Su
SAMDA,21702.D.S.0040.0D.CY4.E,NO2 Data Set Support
SAMDA,21702.D.S.0040.0D.CY5.E,NO2 Data Set Support
SAMDA,21702.D.S.0041.00.CY4.E,Mobile Lidar Exper Sup
SAMDA,21702.D.S.0041.00.CY5.E,Mobile Lidar Exper Sup
SAMDA,21702.D.S.0042.0A.CY4.E,Algorithm Dev & Imp
SAMDA,21702.D.S.0042.0A.CY5.E,Algorithm Dev & Imp
SAMDA,21702.D.S.0043.00.CY3.F,Ozone SIPS Data Process
SAMDA,21702.D.S.0043.00.CY4.F,Ozone SIPS Data Process
SAMDA,21702.D.S.0043.00.CY5.F,Ozone SIPS Data Process
SAMDA,21702.D.S.0045.0A.CY4.E,Nash Eric
SAMDA,21702.D.S.0045.0A.CY5.E,Nash Eric
SAMDA,21702.D.S.0045.0B.CY4.E,Heney Mike
SAMDA,21702.D.S.0045.0B.CY5.E,Heney Mike
SAMDA,21702.D.S.0045.0C.CY4.E,Thompson Kathy
SAMDA,21702.D.S.0045.0C.CY5.E,Thompson Kathy
SAMDA,21702.D.S.0046.0A.CY4.E,Trop Oz Remote Sens
SAMDA,21702.D.S.0046.0A.CY5.E,Trop Oz Remote Sens
SAMDA,21702.D.S.0048.00.CY4.C,Antartic Blowing Snow
SAMDA,21702.D.S.0048.00.CY5.C,Antartic Blowing Snow
SAMDA,21702.D.S.0051.00.CY4.D,Code 610 & 690 Lab Mgt
SAMDA,21702.D.S.0051.00.CY5.D,Code 610 & 690 Lab Mgt
SAMDA,21702.D.S.0052.00.CY4.D,Earth Sci Div Consult/B33
SAMDA,21702.D.S.0052.00.CY5.D,Earth Sci Div Consult/B33
SAMDA,21702.D.S.0053.00.CY4.D,Earth Sci Div Web Site Mg
SAMDA,21702.D.S.0053.00.CY5.D,Earth Sci Div Web Site Mg
SAMDA,21702.D.S.0054.00.CY4.C,Aqua Proj Scientist Suppt
SAMDA,21702.D.S.0054.00.CY5.C,Aqua Proj Scientist Suppt
SAMDA,21702.D.S.0055.00.CY4.C,MODIS VIIRS & Landsat
SAMDA,21702.D.S.0055.00.CY5.C,MODIS VIIRS & Landsat
SAMDA,21702.D.S.0057.00.CY4.D,GSFC Of. STEM Engagement
SAMDA,21702.D.S.0057.00.CY5.D,GSFC Of. STEM Engagement
SAMDA,21702.D.S.0060.0A.CY3.D,AIRS Ver-7 Upgrade & Main
SAMDA,21702.D.S.0060.0A.CY4.D,AIRS Ver-7 Upgrade & Main
SAMDA,21702.D.S.0060.0A.CY5.D,AIRS Ver-7 Upgrade & Main
SAMDA,21702.D.S.0060.0B.CY3.D,Hyperspectral MW Sounding
SAMDA,21702.D.S.0060.0B.CY4.D,GGWP Simulations
SAMDA,21702.D.S.0062.00.CY4.D,Supt Cloud Prod Dev & Rem
SAMDA,21702.D.S.0062.00.CY5.D,Supt Cloud Prod Dev & Rem
SAMDA,21702.D.S.0063.00.CY4.G,Regional Drought over US
SAMDA,21702.D.S.0063.00.CY5.G,Regional Drought over US
SAMDA,21702.D.S.0066.00.CY4.F,MASTAR
SAMDA,21702.D.S.0066.00.CY5.F,MASTAR
SAMDA,21702.D.S.0067.00.CY4.E,Field Mission Support
SAMDA,21702.D.S.0067.00.CY5.E,Field Mission Support
SAMDA,21702.D.S.0068.00.CY4.E,2D & 3D Model of Ozone
SAMDA,21702.D.S.0068.00.CY5.E,2D & 3D Model of Ozone
SAMDA,21702.D.S.0069.0A.CY3.G,Land Surface Modeling
SAMDA,21702.D.S.0069.0A.CY4.G,Land Surface Modeling
SAMDA,21702.D.S.0069.0A.CY5.G,Land Surface Modeling
SAMDA,21702.D.S.0069.0B.CY3.G,Decision Support Systems
SAMDA,21702.D.S.0069.0B.CY4.G,Decision Support Systems
SAMDA,21702.D.S.0069.0B.CY5.G,Decision Support Systems
SAMDA,21702.D.S.0069.0C.CY3.G,Mngmnt & Doc Support
SAMDA,21702.D.S.0069.0C.CY4.G,Mngmnt & Doc Support
SAMDA,21702.D.S.0069.0C.CY5.G,Mngmnt & Doc Support
SAMDA,21702.D.S.0069.0D.CY3.G,Land Use Land Cover Cnslt
SAMDA,21702.D.S.0069.0E.CY3.G,Machine Lrng Flood Frcst
SAMDA,21702.D.S.0069.0E.CY4.G,Machine Lrng Flood Frcst
SAMDA,21702.D.S.0069.0E.CY5.G,Machine Lrng Flood Frcst
SAMDA,21702.D.S.0070.00.CY4.F,OMPS Limb Operations
SAMDA,21702.D.S.0070.0A.CY5.F,Limb instrument dev
SAMDA,21702.D.S.0070.0B.CY5.F,Nadir instrument dev
SAMDA,21702.D.S.0070.0C.CY5.F,Nadir instrument cal
SAMDA,21702.D.S.0071.00.CY4.D,Instr Dev & Op Eng Sup
SAMDA,21702.D.S.0071.00.CY5.D,Instr Dev & Op Eng Sup
SAMDA,21702.D.S.0072.00.CY4.E,NASA Pandora Project
SAMDA,21702.D.S.0072.00.CY5.E,NASA Pandora Project
SAMDA,21702.D.S.0073.00.CY4.D,BDA & RS for Earth Sci
SAMDA,21702.D.S.0073.00.CY5.D,BDA & RS for Earth Sci
SAMDA,21702.D.S.0074.00.CY5.D,Satellite Data Analysis
SAMDA,21702.D.S.0075.00.CY5.G,Scientific Visualization 
SAMDA,21702.D.S.SPDC.00.CY4,Palm IDIQ Spread CY4
SAMDA,21702.D.S.SPDC.00.CY5,Palm IDIQ Spread CY4
SAMDA,21702.D.S.SPDD.00.CY4,Arnold IDIQ Spread CY4
SAMDA,21702.D.S.SPDD.00.CY5,SAMDA GL Spread
SAMDA,21702.D.S.SPDE.00.CY4,Labow IDIQ Spread CY4
SAMDA,21702.D.S.SPDE.00.CY5,SAMDA GL Spread
SAMDA,21702.D.S.SPDF.00.CY4,DeLand IDIQ Spread CY4
SAMDA,21702.D.S.SPDF.00.CY5,SAMDA GL Spread
SAMDA,21702.D.S.SPDG.00.CY4,Shull IDIQ Spread CY4
SAMDA,21702.D.S.SPDG.00.CY5,SAMDA GL Spread
NOAA SETS,21712.BAS.WA4.00,NOAA SETS WA4
NOAA SETS,21712.OY1.WA4.00,NOAA SETS WA4 OY1
NOAA SETS,21712.OY2.WA4.00,NOAA SETS WA4 OY2
NOAA SETS,21712.OY2.WA4.ST,NOAA SETS STAR OY2
NOAA SETS,21712.OY4.WA4.ST,NOAA SETS STAR OY4
TEAMS III,21715.BO1.T3.00.00.000.PMO,PMO Base Option
TEAMS III,21715.BO1.T3.C2.05.001.000,1700-059 Base Option
TEAMS III,21715.BO1.T3.C2.05.004.000,1700-062 Base Option
TEAMS III,21715.BO1.T3.C2.05.008.000,1700-066 Base Option
TEAMS III,21715.BO1.T3.C2.09.002.001,1700-161 Base Option
TEAMS III,21715.BO1.T3.C2.09.011.000,1700-184 Base Option
TEAMS III,21715.BO1.T3.C2.09.018.000,1700-200 Base Option
TEAMS III,21715.BO1.T3.C2.10.011.001,1700-221 Base Option
TEAMS III,21715.BO1.T3.C2.10.011.002,1700-222 Base Option
TEAMS III,21715.BO1.T3.C2.10.011.003,1700-223 Base Option
TEAMS III,21715.BO1.T3.C2.10.011.004,1700-224 Base Option
TEAMS III,21715.BO1.T3.C2.10.020.003,1700-250 Base Option
TEAMS III,21715.BO1.T3.C2.10.040.000,1700-405 Base Option
TEAMS III,21715.BO2.T3.00.00.000.PMO,PMO Base Option 2
TEAMS III,21715.BO2.T3.C2.05.001.000,1700-059 Base Option 2
TEAMS III,21715.BO2.T3.C2.05.004.000,1700-062 Base Option 2
TEAMS III,21715.BO2.T3.C2.05.057.000,1700-470 Base Option 2
TEAMS III,21715.BO2.T3.C2.09.002.001,1700-161 Base Option 2
TEAMS III,21715.BO2.T3.C2.09.011.000,1700-184 Base Option 2
TEAMS III,21715.BO2.T3.C2.09.016.000,1700-189 Base Option 2
TEAMS III,21715.BO2.T3.C2.09.018.000,1700-200 Base Option 2
TEAMS III,21715.BO2.T3.C2.10.011.004,1700-224 Base Option 2
TEAMS III,21715.BO2.T3.C2.10.020.003,1700-250 Base Option 2
TEAMS III,21715.BO2.T3.C2.10.040.000,1700-405 Base Option 2
TEAMS III,21715.BO2.T3.C2.10.047.000,1700-435 Base Option 2
TEAMS III,21715.BO2.T3.C2.10.048.000,1700-436 Base Option 2
TEAMS III,21715.BO2.T3.C2.10.051.000,1700-465 Base Option 2
TEAMS III,21715.BO2.T3.C2.10.053.000,1700-477 Base Option 2
TEAMS III,21715.BO3.T3.00.00.000.PMO,PMO Base Option 3
TEAMS III,21715.BO3.T3.C2.05.004.000,1700-062 Base Option 3
TEAMS III,21715.BO3.T3.C2.09.016.000,1700-189 Base Option 3
TEAMS III,21715.BO3.T3.C2.09.018.000,1700-200 Base Option 3
TEAMS III,21715.BO3.T3.C2.09.025.000,1700-395 Base Option 3
TEAMS III,21715.BO3.T3.C2.10.020.003,1700-250 Base Option 3
TEAMS III,21715.BO3.T3.C2.10.040.000,1700-405 Base Option 3
TEAMS III,21715.BO3.T3.C2.10.047.000,1700-435 Base Option 3
TEAMS III,21715.BO3.T3.C2.10.048.000,1700-436 Base Option 3
TEAMS III,21715.BO3.T3.C2.10.051.000,1700-465 Base Option 3
TEAMS III,21715.BO3.T3.C2.10.053.000,1700-477 Base Option 3
TEAMS III,21715.BO3.T3.C2.10.060.000,1700-635 Base Option 3
TEAMS III,21715.BO4.T3.00.00.000.PMO,PMO Base Option 4
TEAMS III,21715.BO4.T3.C2.04.013.000,101700.02.04.013.000 BO4
TEAMS III,21715.BO4.T3.C2.05.004.000,1700-062 Base Option 4
TEAMS III,21715.BO4.T3.C2.05.033.000,101700.02.05.033.000 BO4
TEAMS III,21715.BO4.T3.C2.09.016.000,1700-189 Base Option 4
TEAMS III,21715.BO4.T3.C2.09.018.000,1700-200 Base Option 4
TEAMS III,21715.BO4.T3.C2.09.025.000,1700-395 Base Option 4
TEAMS III,21715.BO4.T3.C2.10.020.003,1700-250 Base Option 4
TEAMS III,21715.BO4.T3.C2.10.022.000,101700.02.10.022.000 BO4
TEAMS III,21715.BO4.T3.C2.10.040.000,1700-405 Base Option 4
TEAMS III,21715.BO4.T3.C2.10.048.000,1700-436 Base Option 4
TEAMS III,21715.BO4.T3.C2.10.053.000,1700-477 Base Option 4
TEAMS III,21715.BO4.T3.C2.10.060.000,1700-635 Base Option 4
TEAMS III,21715.BO4.T3.C4.10.402.000,101700.04.10.402.000 BO4
TEAMS III,21715.BO5.T3.00.00.000.PMO,PMO Base Option 5
TEAMS III,21715.BO5.T3.C2.04.013.000,101700.02.04.013.000 BO5
TEAMS III,21715.BO5.T3.C2.05.004.000,1700-062 Base Option 5
TEAMS III,21715.BO5.T3.C2.05.033.000,101700.02.05.033.000 BO5
TEAMS III,21715.BO5.T3.C2.05.132.000,101700.02.05.132.000 BO5
TEAMS III,21715.BO5.T3.C2.09.016.000,1700-189 Base Option 5
TEAMS III,21715.BO5.T3.C2.09.018.000,1700-200 Base Option 5
TEAMS III,21715.BO5.T3.C2.09.025.000,1700-395 Base Option 5
TEAMS III,21715.BO5.T3.C2.10.020.003,1700-250 Base Option 5
TEAMS III,21715.BO5.T3.C2.10.022.000,101700.02.10.022.000 BO5
TEAMS III,21715.BO5.T3.C2.10.040.000,1700-405 Base Option 5
TEAMS III,21715.BO5.T3.C2.10.048.000,1700-436 Base Option 5
TEAMS III,21715.BO5.T3.C2.10.053.000,1700-477 Base Option 5
TEAMS III,21715.BO5.T3.C2.10.060.000,1700-635 Base Option 5
USGS,21723.OY2.001,USGS Option Year 2
USGS,21723.OY3.001,USGS Option Year 3
NOAA GOES,21811.GOESD.OY2.FP.01.00,GOES DCS Task
NOAA GOES,21811.GOESD.OY3.FP.01.00,GOES DCS Task
ESES III,21812.A.0001.000.001.PB2,SBTK 1 MUSTANG Labor and 
ESES III,21812.A.0001.000.002.PB1,SBTK 2 OCI iMUSTANG Labor
ESES III,21812.A.0001.000.002.PB2,SBTK 2 OCI iMUSTANG Labor
ESES III,21812.A.0001.000.003.PB2,SBTK 3 OCI iMUSTANG Procs
ESES III,21812.A.0001.000.004.PB1,SBTK 4 PACE Avionics Labo
ESES III,21812.A.0001.000.004.PB2,SBTK 4 PACE Avionics Labo
ESES III,21812.A.0001.000.005.PB2,SBTK 5 PACE Avionics Proc
ESES III,21812.A.0001.000.006.PB1,SBTK 6 MAIA MUSTANG Labor
ESES III,21812.A.0001.000.006.PB2,SBTK 6 MAIA MUSTANG Labor
ESES III,21812.A.0001.000.007.PB2,SBTK 7 MAIA MUSTANG Procs
ESES III,21812.A.0001.000.008.PB2,SBTK 8 OCI Electrical Sys
ESES III,21812.A.0001.000.009.PB2,SBTK 9 PACE Electrical Sy
ESES III,21812.A.0001.000.010.PB2,SBTK 10 OCI MCE
ESES III,21812.A.0001.000.011.PB2,SBTK 11 OCI DAU
ESES III,21812.A.0001.000.012.PB2,SBTK 12 OCI I&T
ESES III,21812.A.0001.000.014.PB2,SBTK 14 MMS SSMO
ESES III,21812.A.0001.000.016.PB2,SBTK 16 VICI
ESES III,21812.A.0001.000.017.PB2,SBTK 17 GMSA
ESES III,21812.A.0001.000.018.PB2,SBTK 18 PACE SC Mechanism
ESES III,21812.A.0001.000.019.PB2,SBTK 19 LEMS
ESES III,21812.A.0001.000.020.PB2,SBTK 20 Human Lander
ESES III,21812.A.0001.000.021.PB2,SBTK 21 WFIRST Ka-Trans
ESES III,21812.A.0001.000.022.PB2,SBTK 22 PACE S-Band Trans
ESES III,21812.A.0001.000.023.PB2,SBTK 23 PACE Mission I&T
ESES III,21812.A.0001.000.024.PB2,SBTK 24 PACE SC Prop Proc
ESES III,21812.A.0001.000.025.PB2,SBTK 25 PACE Polarimeters
ESES III,21812.A.0001.000.026.PB2,SBTK 26 PACE Mechanical
ESES III,21812.A.0001.000.027.PB2,SBTK 27 ESPA Flight Sys
ESES III,21812.A.0001.000.028.PB2,SBTK 28 PACE RF Comm GSE
ESES III,21812.A.0001.000.029.PB2,SBTK 29 Kodiak Eng Supprt
ESES III,21812.A.0001.000.031.PB2,SBTK 31 PACE Thermal Proc
ESES III,21812.A.0001.000.033.PB2,SBTK 33 C-FIRE Support
ESES III,21812.A.0001.000.034.PB2,SBTK 34 PACE Grd Sys Supt
ESES III,21812.A.0001.000.035.PB2,SBTK 35 PACE RF Comm Ka-B
ESES III,21812.A.0001.000.036.PB2,SBTK 36 PACE RF Comm S-Ba
ESES III,21812.A.0001.000.037.PB2,SBTK 37 Ka Transmitter Pr
ESES III,21812.A.0001.000.038.PB2,SBTK 38 Davinci+ Phase A
ESES III,21812.A.0001.000.039.PB2,SBTK 39 RF Comm LGA
ESES III,21812.A.0001.000.040.PB2,SBTK 40 RF Comm ECA
ESES III,21812.A.0001.000.041.PB2,SBTK 41 CODEX PCU
ESES III,21812.A.0001.000.042.PB2,SBTK 42 PACE HARP2
ESES III,21812.A.0001.000.043.PB2,SBTK 43 OSAM1 PDU FPGA
ESES III,21812.A.0001.000.044.PB2,SBTK 44 Ka-Band FPGA Rev
ESES III,21812.A.0001.000.045.PB2,SBTK 45 PACE I&T Procure
ESES III,21812.A.0001.000.046.PB2,SBTK 46 CCRS Labor
ESES III,21812.A.0001.000.047.PB2,SBTK 47 CCRS Procurement
ESES III,21812.A.0001.000.048.PB2,SBTK 48 TSIS-2 Eng Suppor
ESES III,21812.A.0001.000.049.PB2,SBTK 49 CCRS HarnessEG Su
ESES III,21812.A.0001.000.050.PB2,SBTK 45 CCRS HarnessEG Pr
ESES III,21812.A.0001.000.051.PB2,SBTK 51 NES Sol Int Study
ESES III,21812.A.0001.000.SPD.PB2,TL SUBTASK SPREAD
ESES III,21812.A.0002.000.001.PB2,SBTK 1  PMO
ESES III,21812.A.0002.000.002.PB1,SBTK 2  Rad Effects Facil
ESES III,21812.A.0002.000.002.PB2,SBTK 2  Rad Effects Facil
ESES III,21812.A.0002.000.003.PB2,SBTK 3  560 Division Spt
ESES III,21812.A.0002.000.004.PB2,SBTK 4  NEPP
ESES III,21812.A.0002.000.005.PB2,SBTK 5  FPGA Rad Eval  NE
ESES III,21812.A.0002.000.006.PB2,SBTK 6  Scaled CMOS Tech 
ESES III,21812.A.0002.000.007.PB2,SBTK 7  Widebandgap Power
ESES III,21812.A.0002.000.008.PB2,SBTK 8  Advanced NVM Rad 
ESES III,21812.A.0002.000.009.PB2,SBTK 9  DDR3 4 SDRAM Rad 
ESES III,21812.A.0002.000.010.PB2,SBTK 10  GPU Rad Eval  NE
ESES III,21812.A.0002.000.011.PB2,SBTK 11  CubeSAT Study  N
ESES III,21812.A.0002.000.012.PB2,SBTK 12  KSC Novice Train
ESES III,21812.A.0002.000.013.PB2,SBTK 13  DSCOVR PHA  NESC
ESES III,21812.A.0002.000.014.PB2,SBTK 14  LWS SET
ESES III,21812.A.0002.000.015.PB2,SBTK 15  Europa Lander
ESES III,21812.A.0002.000.018.PB2,SBTK 18  RESTORE
ESES III,21812.A.0002.000.019.PB2,SBTK 19  WFIRST
ESES III,21812.A.0002.000.020.PB2,SBTK 20  OCI
ESES III,21812.A.0002.000.021.PB2,SBTK 21  CAESAR
ESES III,21812.A.0002.000.023.PB2,SBTK 23  CUVE
ESES III,21812.A.0002.000.024.PB2,SBTK 24  MIDEX Common Bus
ESES III,21812.A.0002.000.025.PB2,SBTK 25  GOES-R
ESES III,21812.A.0002.000.026.PB2,SBTK 26  Photonics Rad Sp
ESES III,21812.A.0002.000.028.PB2,SBTK 28  GRC SiC IC
ESES III,21812.A.0002.000.029.PB2,SBTK 29  Kilopower Reacto
ESES III,21812.A.0002.000.031.PB2,SBTK 31 OSD Radiation
ESES III,21812.A.0002.000.034.PB2,SBTK 34 NESC TI1901489
ESES III,21812.A.0002.000.036.PB2,SBTK 36 Gatewayy PPE
ESES III,21812.A.0002.000.037.PB2,SBTK 37 Small Sat Radios
ESES III,21812.A.0002.000.038.PB2,SBTK 38 GRC SiC IC
ESES III,21812.A.0002.000.039.PB2,SBTK 39 Landsat 9
ESES III,21812.A.0002.000.040.PB2,SBTK 40 DSNE-X
ESES III,21812.A.0002.000.041.PB2,SBTK 41 RF GaN HEMT CIF
ESES III,21812.A.0002.000.042.PB2,SBTK 42 LCVR Testing
ESES III,21812.A.0002.000.043.PB2,SBTK 43 SWFO
ESES III,21812.A.0002.000.044.PB2,SBTK 44 NG SAA Rad Test
ESES III,21812.A.0002.000.045.PB2,SBTK 45 Dragonfly DraMS
ESES III,21812.A.0003.000.002.PB2,SBTK 2  Commodity Experti
ESES III,21812.A.0003.000.003.PB2,SBTK 3  Parts Database
ESES III,21812.A.0003.000.004.PB2,SBTK 4  Restore
ESES III,21812.A.0003.000.005.PB2,SBTK 5  JWST Project
ESES III,21812.A.0003.000.006.PB2,SBTK 6  JWST ISIM
ESES III,21812.A.0003.000.007.PB2,SBTK 7  GOES-R S T
ESES III,21812.A.0003.000.011.PB2,SBTK 11  LCRD
ESES III,21812.A.0003.000.013.PB2,SBTK 13  MOMA
ESES III,21812.A.0003.000.015.PB2,SBTK 15  WFIRST
ESES III,21812.A.0003.000.016.PB2,SBTK 16  GEDI
ESES III,21812.A.0003.000.017.PB2,SBTK 17  JPSS2
ESES III,21812.A.0003.000.018.PB2,SBTK 18  Mustang OCI
ESES III,21812.A.0003.000.019.PB2,SBTK 19  TIRS-2
ESES III,21812.A.0003.000.020.PB2,SBTK 20  OLI-2
ESES III,21812.A.0003.000.021.PB2,SBTK 21  Europa Clipper P
ESES III,21812.A.0003.000.022.PB2,SBTK 22  PACE
ESES III,21812.A.0003.000.023.PB2,SBTK 23  XARM
ESES III,21812.A.0003.000.024.PB2,SBTK 24  PICASSO
ESES III,21812.A.0003.000.026.PB2,SBTK 26  GUSTO
ESES III,21812.A.0003.000.027.PB2,SBTK 27  JSC Spt
ESES III,21812.A.0003.000.028.PB2,SBTK 28  MAIA
ESES III,21812.A.0003.000.029.PB2,SBTK 29  Lucy-LRalph
ESES III,21812.A.0003.000.030.PB2,SBTK 30  LEMNOS
ESES III,21812.A.0003.000.034.PB2,SBTK 34  Misolfa Caliste
ESES III,21812.A.0003.000.036.PB2,SBTK 36  NESC Solderless 
ESES III,21812.A.0003.000.037.PB2,SBTK 37  WFIRST SSR
ESES III,21812.A.0003.000.038.PB2,SBTK 38  WFIRST CDH
ESES III,21812.A.0003.000.039.PB2,SBTK 39  TSIS-2
ESES III,21812.A.0003.000.040.PB2,SBTK 40 LPL/VIPER
ESES III,21812.A.0003.000.041.PB2,SBTK 41 SELFI EEE Parts
ESES III,21812.A.0003.000.042.PB2,SBTK 42 ORION Tantalum
ESES III,21812.A.0003.000.043.PB2,SBTK 43 SPLICE
ESES III,21812.A.0003.000.044.PB2,SBTK 44 SEAL Mass Spec
ESES III,21812.A.0003.000.045.PB2,SBTK 45 SpaceCube PCC
ESES III,21812.A.0003.000.046.PB2,SBTK 46 LUNAR IceCube
ESES III,21812.A.0003.000.047.PB2,SBTK 47 JUICE RIME
ESES III,21812.A.0003.000.048.PB2,SBTK 48 WFIRST Ka Band
ESES III,21812.A.0003.000.049.PB2,SBTK 49 High Engy Ion Tel
ESES III,21812.A.0003.000.050.PB2,SBTK 50 PUNCH
ESES III,21812.A.0003.000.051.PB2,SBTK 51 AWE
ESES III,21812.A.0003.000.052.PB2,SBTK 52 ROLSES
ESES III,21812.A.0003.000.053.PB2,SBTK 53 Dragonfly
ESES III,21812.A.0003.000.054.PB2,SBTK 54 CCRS/MSR
ESES III,21812.A.0003.000.055.PB2,SBTK 55 LISA LASER Electr
ESES III,21812.A.0003.000.056.PB2,SBTK 56 CODEX
ESES III,21812.A.0003.000.057.PB2,SBTK 57 GeoCarb
ESES III,21812.A.0003.000.058.PB2,SBTK 58 FIRECE/C-FIRES
ESES III,21812.A.0003.000.059.PB2,SBTK 59 HERMES
ESES III,21812.A.0003.000.060.PB2,SBTK 60 CODEX Wallops
ESES III,21812.A.0003.000.061.PB2,SBTK 61 GOES-U Mag
ESES III,21812.A.0003.000.062.PB2,SBTK 62 TRACERS
ESES III,21812.A.0003.000.063.PB2,SBTK 63 L9 EFS Dispenser
ESES III,21812.A.0003.000.064.PB2,SBTK 64 LMDB
ESES III,21812.A.0003.000.065.PB2,SBTK 65 EZIE
ESES III,21812.A.0003.000.066.PB2,SBTK 66 EUVST
ESES III,21812.A.0003.000.067.PB2,SBTK 67 SWFO-L1
ESES III,21812.A.0003.000.068.PB2,SBTK 68 L9
ESES III,21812.A.0003.000.069.PB2,SBTK 69 SQRLi
ESES III,21812.A.0003.000.070.PB2,SBTK 70 Ocellus
ESES III,21812.A.0005.000.001.PB2,SBTK 1  Equip  Comps Cons
ESES III,21812.A.0005.000.002.PB2,SBTK 2  Enviral Test
ESES III,21812.A.0005.000.003.PB1,SBTK 3  Calibration
ESES III,21812.A.0005.000.003.PB2,SBTK 3  Calibration
ESES III,21812.A.0005.000.004.PB2,SBTK 4  Laser Comps
ESES III,21812.A.0005.000.005.PB2,SBTK 5  Mars2020
ESES III,21812.A.0005.000.006.PB2,SBTK 6  Fiber Optic Assem
ESES III,21812.A.0005.000.007.PB2,SBTK 7  Mini-LIDAR
ESES III,21812.A.0005.000.008.PB1,SBTK 8  NDL SPLICE
ESES III,21812.A.0005.000.008.PB2,SBTK 8  NDL SPLICE
ESES III,21812.A.0005.000.009.PB2,SBTK 9  Fiber Optic Handb
ESES III,21812.A.0005.000.010.PB2,SBTK 10  PACE OCI
ESES III,21812.A.0005.000.011.PB2,SBTK 11  Europa Clipper I
ESES III,21812.A.0005.000.012.PB2,SBTK 12  ILocator
ESES III,21812.A.0005.000.013.PB2,SBTK 13  Arizona State Un
ESES III,21812.A.0005.000.014.PB2,SBTK 14  InP Photonic Int
ESES III,21812.A.0005.000.015.PB2,SBTK 15 SPLICE
ESES III,21812.A.0005.000.016.PB2,SBTK 16 LISA
ESES III,21812.A.0005.000.018.PB2,SBTK 18 WFIRST RCS
ESES III,21812.A.0005.000.019.PB2,SBTK 19 WFIRST Fiber Opti
ESES III,21812.A.0005.000.020.PB2,SBTK 20 LUCY
ESES III,21812.A.0005.000.021.PB2,SBTK 21 Kodiak
ESES III,21812.A.0005.000.022.PB2,SBTK 22 MIRCAT
ESES III,21812.A.0005.000.023.PB2,SBTK 23 Additive Mfg
ESES III,21812.A.0005.000.024.PB2,SBTK 24 WFIRST SORC
ESES III,21812.A.0005.000.025.PB2,SBTK 25 Lucy/ASU/Photodio
ESES III,21812.A.0005.000.026.PB2,SBTK 26 Dragonfly
ESES III,21812.A.0005.000.027.PB2,SBTK 27 Illuma-T
ESES III,21812.A.0005.000.028.PB2,SBTK 28 NG SAA
ESES III,21812.A.0005.000.029.PB2,SBTK 29 Source Camera Mod
ESES III,21812.A.0005.000.030.PB2,SBTK 30 SPEXOne Fiber
ESES III,21812.A.0005.000.031.PB2,SBTK 31 sRCS
ESES III,21812.A.0007.000.001.PB2,SBTK 1 CAFR Ant Analy Spt
ESES III,21812.A.0007.000.002.PB2,SBTK 2 Restore-L Hat Coup
ESES III,21812.A.0007.000.003.PB2,SBTK 3 SWIRP IIP Ant Opt
ESES III,21812.A.0007.000.004.PB2,SBTK 4 JPSS-2 Comm Sppt
ESES III,21812.A.0007.000.005.PB2,SBTK 5 SNoOPI Antenna Sup
ESES III,21812.A.0007.000.006.PB2,SBTK 6 PACE Sys Review
ESES III,21812.A.0007.000.010.PB2,SBTK 10 DAVINCI+ Support
ESES III,21812.A.0007.000.012.PB2,SBTK 12 LUCY
ESES III,21812.A.0007.000.013.PB2,SBTK 13 SWFO-L1 RF comm
ESES III,21812.A.0007.000.016.PB2,SBTK 16 METAL Lab Maint
ESES III,21812.A.0007.000.017.PB2,SBTK 17 NIKA Antenna Spt
ESES III,21812.A.0007.000.018.PB2,SBTK 18 Logistics Element
ESES III,21812.A.0007.000.019.PB2,SBTK 19 VIPER Lunar rover
ESES III,21812.A.0007.000.020.PB2,SBTK 20 EVI Antenna Study
ESES III,21812.A.0007.000.021.PB2,SBTK 21 Landsat NEXT
ESES III,21812.A.0008.000.001.PB2,SBTK 1 Cal GSE Test & I&T
ESES III,21812.A.0008.000.002.PB2,SBTK 2 Eng Intern for I&T
ESES III,21812.A.0008.000.003.PB2,SBTK 3 Elect Tech Sppt
ESES III,21812.A.0008.000.004.PB2,SBTK 4 I&T Support
ESES III,21812.A.0008.000.005.PB1,SBTK 5 Elect Assem Tech
ESES III,21812.A.0008.000.005.PB2,SBTK 5 Elect Assem Tech
ESES III,21812.A.0008.000.006.PB2,SBTK 6 Harness Mfg Mgt
ESES III,21812.A.0008.000.007.PB2,SBTK 7 Comp IT Eng Sppt
ESES III,21812.A.0008.000.008.PB2,SBTK 8 Test Conductors
ESES III,21812.A.0008.000.009.PB1,SBTK 9 Laser Eng Sppt
ESES III,21812.A.0008.000.009.PB2,SBTK 9 Laser Eng Sppt
ESES III,21812.A.0008.000.010.PB2,SBTK 10 XINA Dev & Spt
ESES III,21812.A.0008.000.011.PB2,SBTK 11 Cleanroom office
ESES III,21812.A.0008.000.SPD.PB2,TL SUBTASK SPREAD
ESES III,21812.A.0009.000.002.PB2,SBTK 2 MAL Lab Procuremts
ESES III,21812.A.0009.000.003.PB2,SBTK 3  Reserved
ESES III,21812.A.0009.000.004.PB2,SBTK 4  ASTM Group Buy
ESES III,21812.A.0009.000.005.PB1,SBTK 5  XARM XRISM PWB Ma
ESES III,21812.A.0009.000.005.PB2,SBTK 5  XARM XRISM PWB Ma
ESES III,21812.A.0009.000.006.PB2,SBTK 6L RALPH MCE Layout 
ESES III,21812.A.0009.000.007.PB2,SBTK 7Space Cube 2 0 Powe
ESES III,21812.A.0009.000.008.PB2,SBTK 8 SpaceCubev3 0 Prel
ESES III,21812.A.0009.000.009.PB2,SBTK 9 GMSA Manufacturing
ESES III,21812.A.0009.000.010.PB2,SBTK 10 WFIRST Manufact
ESES III,21812.A.0009.000.011.PB2,SBTK 11 ProtoEXIST P2 Dsg
ESES III,21812.A.0009.000.013.PB2,SBTK 13 Euclid SCE PWB
ESES III,21812.A.0009.000.014.PB2,SBTK 14 TIRS-2 EGSE
ESES III,21812.A.0009.000.015.PB2,SBTK 15 TIRS-2 QA Support
ESES III,21812.A.0009.000.016.PB2,SBTK 16 HREXI P3
ESES III,21812.A.0009.000.017.PB2,SBTK 17 GOES Magnetometer
ESES III,21812.A.0009.000.018.PB2,SBTK 18 Microvia Assessmt
ESES III,21812.A.0009.000.019.PB2,SBTK 19 Next Gen Mid IR 
ESES III,21812.A.0009.000.020.PB2,SBTK 20 SELFI Digitizer
ESES III,21812.A.0009.000.021.PB2,SBTK 21 BITSE PDU Board 
ESES III,21812.A.0009.000.022.PB2,SBTK 22 FOXSI
ESES III,21812.A.0009.000.023.PB2,SBTK 23 Caliste Manufactu
ESES III,21812.A.0009.000.024.PB2,SBTK 24 WFIRST SCE Asmbly
ESES III,21812.A.0009.000.025.PB2,SBTK 25 LCRD High Spd RX
ESES III,21812.A.0009.000.026.PB2,SBTK 26 CIF-Sultana
ESES III,21812.A.0009.000.027.PB2,SBTK 27 WFIRST HGAS
ESES III,21812.A.0009.000.028.PB2,SBTK 28 LRalph FPE Asmbly
ESES III,21812.A.0009.000.030.PB2,SBTK 30 SELFI PDU
ESES III,21812.A.0009.000.031.PB2,SBTK 31 Birches Manufact
ESES III,21812.A.0009.000.032.PB2,SBTK 32 LUNAR Magnet Mfg
ESES III,21812.A.0009.000.033.PB2,SBTK 33 LOCHNESS
ESES III,21812.A.0009.000.034.PB2,SBTK 34 IVS Ion Velocity
ESES III,21812.A.0009.000.035.PB2,SBTK 35 PACE TSADE
ESES III,21812.A.0009.000.036.PB2,SBTK 36 ROLSES
ESES III,21812.A.0009.000.037.PB2,SBTK 37 SAGE-IV
ESES III,21812.A.0009.000.038.PB2,SBTK 38 Lucy Solar Arrays
ESES III,21812.A.0009.000.039.PB2,SBTK 39 SPLICE HD Digitiz
ESES III,21812.A.0009.000.040.PB2,SBTK 40 WFIRST Spacecraft
ESES III,21812.A.0009.000.041.PB2,SBTK 41 ROLSES Digitizer
ESES III,21812.A.0009.000.042.PB2,SBTK 42 HIT PWB Support
ESES III,21812.A.0009.000.043.PB2,SBTK 43 ROLSES Test Equip
ESES III,21812.A.0009.000.044.PB2,SBTK 44 Cmos Plasma Spect
ESES III,21812.A.0009.000.045.PB2,SBTK 45 HIT LVPS
ESES III,21812.A.0009.000.046.PB2,SBTK 46 SEAL Instrument
ESES III,21812.A.0009.000.047.PB2,SBTK 47 JWST ISIM
ESES III,21812.A.0009.000.048.PB2,SBTK 48 HECR SiPM Sensor
ESES III,21812.A.0009.000.049.PB2,SBTK 49 LEMS Lay-out Supp
ESES III,21812.A.0009.000.050.PB2,SBTK 50 Space Cube V3.0 
ESES III,21812.A.0009.000.051.PB2,SBTK 51 SAM (MARS ROVER)
ESES III,21812.A.0009.000.052.PB2,SBTK 52 HDL Ranging Ctrl
ESES III,21812.A.0009.000.053.PB2,SBTK 53 HDL Motor Ctrl
ESES III,21812.A.0009.000.054.PB2,SBTK 54 HDL Ground Spt Eq
ESES III,21812.A.0009.000.055.PB2,SBTK 55 HIT Elec Struc An
ESES III,21812.A.0009.000.056.PB2,SBTK 56 CUVIS/Simplex3
ESES III,21812.A.0009.000.057.PB2,SBTK 57 IRAD Elec/Opt Enc
ESES III,21812.A.0009.000.058.PB2,SBTK 58 LOONS
ESES III,21812.A.0009.000.059.PB2,SBTK 59 Demo proj assembl
ESES III,21812.A.0009.000.060.PB2,SBTK 60 RST DPE Rework
ESES III,21812.A.0009.000.061.PB2,SBTK 61 RST WPC Rework
ESES III,21812.A.0009.000.062.PB2,SBTK 62 ComPair
ESES III,21812.A.0009.000.063.PB2,SBTK 63 COSSIR Support
ESES III,21812.A.0009.000.064.PB2,SBTK 64 NIRVSS/VIPER
ESES III,21812.A.0009.000.065.PB2,SBTK 65 Print Hybrid Elec
ESES III,21812.A.0009.000.066.PB2,SBTK 66 HERMES Mfg Suppt
ESES III,21812.A.0009.000.067.PB2,SBTK 67 IRAD/STRG/CIF
ESES III,21812.A.0009.000.068.PB2,SBTK 68 Rocket Experiment
ESES III,21812.A.0009.000.070.PB2,SBTK 70 MARES Support
ESES III,21812.A.0009.000.071.PB2,SBTK 71 MARES FPGA Suppt
ESES III,21812.A.0009.000.072.PB2,SBTK 72 ROLSES LVPC Card
ESES III,21812.A.0009.000.073.PB2,SBTK 73 Group Buy ASTM
ESES III,21812.A.0009.000.074.PB2,SBTK 74 NAVCube v3 Mini
ESES III,21812.A.0009.000.075.PB2,SBTK 75 Europa Clipper
ESES III,21812.A.0009.000.076.PB2,SBTK 76 TSADE GCE Main Bd
ESES III,21812.A.0009.000.077.PB2,SBTK 77 IMAP HIT PWB Sppt
ESES III,21812.A.0009.000.078.PB2,SBTK 78 FORTIS MSA Board
ESES III,21812.A.0009.000.079.PB2,SBTK 79 MSP Assembly Grp
ESES III,21812.A.0009.000.080.PB2,SBTK 80 HEXITEC LMDB/LMAB
ESES III,21812.A.0009.000.081.PB2,SBTK 81 CASALS MFG SUP
ESES III,21812.A.0009.000.082.PB2,SBTK 82 HIT FEE FPGA SUP
ESES III,21812.A.0009.000.083.PB3,SBTK 83 HIT WPC Analysis
ESES III,21812.A.0009.000.084.PB2,SBTK 84 SQRLi & Ocellus
ESES III,21812.A.0011.000.001.PB2,SBTK 1 SELFI
ESES III,21812.A.0011.000.002.PB2,SBTK 2 SWIIRP
ESES III,21812.A.0011.000.003.PB2,SBTK 3 PICASSO
ESES III,21812.A.0011.000.004.PB2,SBTK 4 Submm-wave Rec Dev
ESES III,21812.A.0011.000.005.PB2,SBTK 5 Tower Radiometer
ESES III,21812.A.0011.000.006.PB2,SBTK 6 MATISSE
ESES III,21812.A.0011.000.007.PB2,SBTK 7 SNOOPI
ESES III,21812.A.0011.000.008.PB2,SBTK 8 THz Tech Develop
ESES III,21812.A.0011.000.009.PB2,SBTK 9 CoSMIR
ESES III,21812.A.0012.001.000.PB1,SBTK 1  RST C&DH act
ESES III,21812.A.0012.001.000.PB2,SBTK 1  RST C&DH act
ESES III,21812.A.0012.002.000.PB2,SBTK 2  RST Wide Field
ESES III,21812.A.0012.003.000.PB2,SBTK 3  RST RF Comm De
ESES III,21812.A.0012.004.000.PB2,SBTK 4  RST WFI Focal 
ESES III,21812.A.0012.005.000.PB2,SBTK 5  Solid State Recor
ESES III,21812.A.0012.006.000.PB2,SBTK 6  RST C&DH Desig
ESES III,21812.A.0012.007.000.PB2,SBTK 7  RST QA Support
ESES III,21812.A.0012.008.000.PB2,SBTK 8  RST Propulsion
ESES III,21812.A.0013.000.000.PB2,RF Comm Spt for Landsat 9
ESES III,21812.A.0014.001.000.PB2,SBTK 1  High-Gain Ant Eng
ESES III,21812.A.0014.002.000.PB2,SBTK 2  Procs for High-Ga
ESES III,21812.A.0014.003.000.PB2,SBTK 3  Ka-Band Mod
ESES III,21812.A.0014.004.000.PB2,SBTK 4  Procs for Ka-Band
ESES III,21812.A.0014.005.000.PB2,SBTK 5  Systems Eng and A
ESES III,21812.A.0014.006.000.PB2,SBTK 6  Procs for Systems
ESES III,21812.A.0014.007.000.PB2,SBTK 7  Omni Ant Eng Des 
ESES III,21812.A.0014.008.000.PB2,SBTK 8  Procs for Omni An
ESES III,21812.A.0015.001.000.PB2,SBTK 1  WPC EGSE Dev
ESES III,21812.A.0015.002.000.PB2,SBTK 2  S C C&DH EGSE Dev
ESES III,21812.A.0015.003.000.PB2,SBTK 3  DPE EGSE Dev
ESES III,21812.A.0015.004.000.PB2,SBTK 4  WFI EGSE Dev
ESES III,21812.A.0015.005.000.PB2,SBTK 5  Mission I&T EGSE 
ESES III,21812.A.0015.006.000.PB2,SBTK 6  Mission I&T Groun
ESES III,21812.A.0015.007.000.PB1,SBTK 7  RST EGSE Mater
ESES III,21812.A.0015.007.000.PB2,SBTK 7  RST EGSE Mater
ESES III,21812.A.0015.008.000.PB2,SBTK 8  RST GSE DesDoc
ESES III,21812.A.0015.009.000.PB1,SBTK 9 RST I&T EGSE
ESES III,21812.A.0015.009.000.PB2,SBTK 9 RST I&T EGSE
ESES III,21812.A.0015.010.000.PB2,SBTK 10 Spccrft C&DH EGSE
ESES III,21812.A.0015.011.000.PB2,SBTK 11 WFI IC&DH EGSE
ESES III,21812.A.0015.012.000.PB2,SBTK 12 Spacecft Sim Mat
ESES III,21812.A.0015.013.000.PB2,SBTK 13 DPE EGSE Material
ESES III,21812.A.0015.014.000.PB2,SBTK 14 GCE Harness Devel
ESES III,21812.A.0015.015.000.PB2,SBTK 15 SORC Harness Dev
ESES III,21812.A.0015.016.000.PB2,SBTK 16 RST EGSE Develop
ESES III,21812.A.0015.017.000.PB2,SBTK 17 GDS Harnesses
ESES III,21812.A.0015.018.000.PB2,SBTK 18 SORC EGSE Mats
ESES III,21812.A.0015.SPD.000.PB2,TL SUBTASK SPREAD
ESES III,21812.A.0016.001.000.PB2,SBTK 1 Detector Instr Eng
ESES III,21812.A.0016.002.000.PB2,SBTK 2 Analog Elec Eng
ESES III,21812.A.0016.003.000.PB2,SBTK 3 Software Suppt Eng
ESES III,21812.A.0016.004.000.PB2,SBTK 4 Struct Analysis En
ESES III,21812.A.0017.001.000.PB2,SBTK 1  Ka-Band Transmitt
ESES III,21812.A.0017.002.000.PB2,SBTK 2  Ka-Band Earth Cov
ESES III,21812.A.0017.003.000.PB2,SBTK 3  Low-Gain Ant  LGA
ESES III,21812.A.0017.004.000.PB2,SBTK 4  Gen RF Comm Suppt
ESES III,21812.A.0019.000.000.PB2,Electrical Eng Spt to the
ESES III,21812.A.0020.000.000.PB2,XRISM Resolve ADRC Elec S
ESES III,21812.A.0021.000.002.PB2,SBTK 2 NEPP Database Supp
ESES III,21812.A.0021.000.003.PB2,SBTK 3 Manu/Assembly
ESES III,21812.A.0021.000.004.PB2,SBTK 4 NEPAG Core Suppt
ESES III,21812.A.0021.000.005.PB2,SBTK 5 NEPAG Audit Suppt
ESES III,21812.A.0021.000.006.PB2,SBTK 6 EEE-INST-003 Rev
ESES III,21812.A.0021.000.007.PB2,SBTK 7 Capacitor Eval
ESES III,21812.A.0021.000.008.PB2,SBTK 8 Connector Eval
ESES III,21812.A.0021.000.009.PB2,SBTK 9 Small Sat EEE Part
ESES III,21812.A.0021.000.010.PB2,SBTK 10 Automotive LIDAR
ESES III,21812.A.0021.000.011.PB2,SBTK 11 JEDEC Travel
ESES III,21812.A.0021.000.012.PB2,SBTK 12 Navy Crane Parts
ESES III,21812.A.0021.000.013.PB2,SBTK 13 NEPP MSFC Rad Spt
ESES III,21812.A.0021.000.014.PB2,SBTK 14 NEPP GSFC Rad Spt
ESES III,21812.A.0021.000.015.PB2,SBTK 15 GaN Study
ESES III,21812.A.0021.000.016.PB2,SBTK 16 False Carrier Inv
ESES III,21812.A.0021.000.017.PB2,SBTK 17 NESC COTS
ESES III,21812.A.0022.000.000.PB2,RST Power System Des Supt
ESES III,21812.A.0024.000.001.PB2,SBTK 1 CCSDS RF Mod & Cod
ESES III,21812.A.0024.000.002.PB2,SBTK 2 CCSDS Space Data
ESES III,21812.A.0025.001.000.PB2,SBTK 1  ADR Harness Spt
ESES III,21812.A.0027.000.000.PB2,Detector I&T Spt
ESES III,21812.A.0028.001.000.PB2,SBTK 1  PACE GS MOC Des a
ESES III,21812.A.0028.002.000.PB2,SBTK 2  PACE GS Mission O
ESES III,21812.A.0030.000.000.PB2,RST Detector Testing and 
ESES III,21812.A.0031.001.000.PB2,SBTK 1  Spt to RST Pro
ESES III,21812.A.0032.000.000.PB2,GPM EPS Engineer Spt
ESES III,21812.A.0033.001.000.PB2,SBTK 1  S C FlatSat Fligh
ESES III,21812.A.0033.003.000.PB2,SBTK 3  OCI Flight Harnes
ESES III,21812.A.0034.001.000.PB2,SBTK 1 Electrical Des of 
ESES III,21812.A.0034.002.000.PB2,SBTK 2 Electrical Des of 
ESES III,21812.A.0034.003.000.PB2,SBTK 3 FPGA AMEGO-X
ESES III,21812.A.0035.000.000.PB2,Electrical Power TDT Spt 
ESES III,21812.A.0036.000.000.PB1,GOES-R Spacecraft Spt
ESES III,21812.A.0036.000.000.PB2,GOES-R Spacecraft Spt
ESES III,21812.A.0037.000.000.PB2,GOES-R Instrus Spt
ESES III,21812.A.0038.001.000.PB2,SBTK 1  Ground System Mai
ESES III,21812.A.0038.002.000.PB2,SBTK 2  Ground System Eng
ESES III,21812.A.0038.004.000.PB2,SBTK 4 Ground Sys Procure
ESES III,21812.A.0039.000.000.PB2,Mission Readiness Test Sp
ESES III,21812.A.0040.001.000.PB2,SBTK 1  Electrical Power 
ESES III,21812.A.0041.000.000.PB1,TIRS-2 Elec and Harness S
ESES III,21812.A.0042.000.001.PB2,SBTK 1  TC Train Lab
ESES III,21812.A.0042.000.002.PB2,SBTK 2  OCI Support
ESES III,21812.A.0042.000.003.PB2,SBTK 3  Non-Flight HW Spt
ESES III,21812.A.0042.000.008.PB2,SBTK 8 HIRMES Procurement
ESES III,21812.A.0042.000.009.PB2,SBTK 9 Landsat 9
ESES III,21812.A.0042.000.010.PB2,SBTK 10 LEMS
ESES III,21812.A.0042.000.011.PB2,SBTK 11 MSR CCRS
ESES III,21812.A.0042.000.012.PB2,SBTK 12 Dragonfly
ESES III,21812.A.0042.000.013.PB2,SBTK 13 Code 568 Lab Mgt
ESES III,21812.A.0042.000.014.PB2,SBTK 14 LRalph Test Cond
ESES III,21812.A.0042.000.015.PB2,SBTK 15 Prjct Formulation
ESES III,21812.A.0042.000.016.PB2,SBTK 16 OSAM-1
ESES III,21812.A.0042.000.017.PB2,SBTK 17 Terra SSR Operat
ESES III,21812.A.0042.000.018.PB2,SBTK 18 HERMES
ESES III,21812.A.0042.000.019.PB2,SBTK 19 LUNAR COMM NODE
ESES III,21812.A.0043.000.000.PB1,XRISM Resolve I&T Spt
ESES III,21812.A.0043.000.000.PB2,XRISM Resolve I&T Spt
ESES III,21812.A.0044.001.000.PB2,SBTK 1  Res and Dev of De
ESES III,21812.A.0044.002.000.PB2,SBTK 2  HIRMES Eng Spt 
ESES III,21812.A.0044.003.000.PB2,SBTK 3  Quantum Dot Spect
ESES III,21812.A.0044.004.000.PB2,SBTK 4  e-NOSE
ESES III,21812.A.0045.000.000.PB2,EUCLID Detector Test
ESES III,21812.A.0046.001.000.PB2,SBTK 1 PACE OCI Detector 
ESES III,21812.A.0048.000.000.PB2,NirSpec DS Recovery Spt
ESES III,21812.A.0049.001.000.PB2,SBTK 1 Detector Test
ESES III,21812.A.0050.001.000.PB2,SBTK 1  WFI Systems Eng
ESES III,21812.A.0050.002.000.PB2,SBTK 2  WFI FPA Eng Spt
ESES III,21812.A.0052.000.002.PB2,SBTK 2  JWST
ESES III,21812.A.0052.000.003.PB2,SBTK 3  ISIM
ESES III,21812.A.0052.000.004.PB2,SBTK 4  MAVEN
ESES III,21812.A.0052.000.005.PB2,SBTK 5  Satellite Servici
ESES III,21812.A.0052.000.006.PB2,SBTK 6  GOES-R
ESES III,21812.A.0052.000.007.PB2,SBTK 7  LCRD
ESES III,21812.A.0052.000.008.PB2,SBTK 8  JPSS
ESES III,21812.A.0052.000.009.PB2,SBTK 9  OSIRIS REx
ESES III,21812.A.0052.000.010.PB2,SBTK 10  SSCO RESTOR
ESES III,21812.A.0052.000.011.PB2,SBTK 11  MOMA
ESES III,21812.A.0052.000.012.PB2,SBTK 12  OVIRS
ESES III,21812.A.0052.000.013.PB2,SBTK 13  Training
ESES III,21812.A.0052.000.014.PB2,SBTK 14  Solar Orbiter
ESES III,21812.A.0052.000.015.PB2,SBTK 15  RRM3
ESES III,21812.A.0052.000.016.PB2,SBTK 16  Cubesat
ESES III,21812.A.0052.000.017.PB2,SBTK 17  Solar Probe Plus
ESES III,21812.A.0052.000.018.PB2,SBTK 18  Landsat 9
ESES III,21812.A.0052.000.019.PB2,SBTK 19  SPACECUBE
ESES III,21812.A.0052.000.020.PB2,SBTK 20  GEDI
ESES III,21812.A.0052.000.021.PB2,SBTK 21  NESC Space Charg
ESES III,21812.A.0052.000.022.PB2,SBTK 22  TIRS-2
ESES III,21812.A.0052.000.023.PB2,SBTK 23  TSIS EMI Spt
ESES III,21812.A.0052.000.024.PB2,SBTK 24  RESOLVE  XARM 
ESES III,21812.A.0052.000.025.PB2,SBTK 25  SEAHSHELS
ESES III,21812.A.0052.000.026.PB2,SBTK 26  Parker Solar Pro
ESES III,21812.A.0052.000.027.PB2,SBTK 27  PACE
ESES III,21812.A.0052.000.028.PB2,SBTK 28  OCI
ESES III,21812.A.0052.000.029.PB2,SBTK 29  LUCY
ESES III,21812.A.0052.000.030.PB2,SBTK 30  ILLUMA-T
ESES III,21812.A.0052.000.031.PB2,SBTK 31  Heliophysics Sci
ESES III,21812.A.0052.000.032.PB2,SBTK 32  SELFI
ESES III,21812.A.0052.000.033.PB2,SBTK 33  WFIRST
ESES III,21812.A.0052.000.034.PB2,SBTK 34  LEMNOS EMI/EMC
ESES III,21812.A.0052.000.039.PB2,SBTK 39 L9 EFS Rideshare
ESES III,21812.A.0052.000.040.PB2,SBTK 40 HERMES
ESES III,21812.A.0052.000.041.PB2,SBTK 41 GeoCarb
ESES III,21812.A.0052.000.042.PB2,SBTK 42 LandSat NEXT
ESES III,21812.A.0052.000.043.PB2,SBTK 43 Artemis
ESES III,21812.A.0052.000.044.PB2,SBTK 44 SWFO-1
ESES III,21812.A.0052.000.045.PB2,SBTK 45 CODEX
ESES III,21812.A.0054.001.000.PB1,SBTK 1  General TeleComm 
ESES III,21812.A.0054.001.000.PB2,SBTK 1  General TeleComm 
ESES III,21812.A.0054.002.000.PB2,SBTK 2  STPSat-6 TeleComm
ESES III,21812.A.0054.003.000.PB2,SBTK 3  SN TeleComm Eng S
ESES III,21812.A.0055.000.002.PB2,SBTK 2  LAB MAINT LABOR
ESES III,21812.A.0055.000.003.PB1,SBTK 3  LAB MAINT ODC
ESES III,21812.A.0055.000.003.PB2,SBTK 3  LAB MAINT ODC
ESES III,21812.A.0055.000.004.PB2,SBTK 4  GENERAL LAB EQUIP
ESES III,21812.A.0055.000.005.PB2,SBTK 5  GOES-R
ESES III,21812.A.0055.000.006.PB2,SBTK 6  James Webb Space 
ESES III,21812.A.0055.000.007.PB2,SBTK 7  MOMA
ESES III,21812.A.0055.000.008.PB2,SBTK 8  JPSS ATMS 008
ESES III,21812.A.0055.000.009.PB2,SBTK 9  JPSS CrIS 009
ESES III,21812.A.0055.000.010.PB2,SBTK 10  JPSS OMPS Instru
ESES III,21812.A.0055.000.011.PB2,SBTK 11  JPSS Spacecraft 
ESES III,21812.A.0055.000.012.PB2,SBTK 12  NEPP Capacitor E
ESES III,21812.A.0055.000.013.PB2,SBTK 13  NEPAG Spt 013
ESES III,21812.A.0055.000.014.PB2,SBTK 14  LCRD 014
ESES III,21812.A.0055.000.015.PB2,SBTK 15  ICESat2 Observat
ESES III,21812.A.0055.000.016.PB2,SBTK 16  ICESat2 MCE Tant
ESES III,21812.A.0055.000.017.PB2,SBTK 17  WFIRST 017
ESES III,21812.A.0055.000.018.PB2,SBTK 18  Solar Probe Plus
ESES III,21812.A.0055.000.019.PB2,SBTK 19  GEDI 019
ESES III,21812.A.0055.000.020.PB2,SBTK 20  NEPP Connector E
ESES III,21812.A.0055.000.021.PB2,SBTK 21  AVX MLCC Investi
ESES III,21812.A.0055.000.022.PB2,SBTK 22  Code 563 Test Sp
ESES III,21812.A.0055.000.023.PB2,SBTK 23  TIRS2 023
ESES III,21812.A.0055.000.024.PB1,SBTK 24  PACE OCI 024
ESES III,21812.A.0055.000.024.PB2,SBTK 24  PACE OCI 024
ESES III,21812.A.0055.000.025.PB2,SBTK 25  GEDI SGT Incomin
ESES III,21812.A.0055.000.026.PB2,SBTK 26  SSCO RRM3 026
ESES III,21812.A.0055.000.027.PB2,SBTK 27  SSCO Restore-L 0
ESES III,21812.A.0055.000.028.PB2,SBTK 28  OLI2 028
ESES III,21812.A.0055.000.029.PB2,SBTK 29  MLCC Capacitor D
ESES III,21812.A.0055.000.030.PB2,SBTK 30 GOES T U Magnet
ESES III,21812.A.0055.000.031.PB2,SBTK 31 Space Network
ESES III,21812.A.0055.000.032.PB2,SBTK 32 ATLAS SMA MLCC 
ESES III,21812.A.0055.000.033.PB2,SBTK 33 XARM Superconduct
ESES III,21812.A.0055.000.034.PB2,SBTK 34 XARM RESOLVE
ESES III,21812.A.0055.000.035.PB2,SBTK 35 PACE SGT Incoming
ESES III,21812.A.0055.000.036.PB2,SBTK 36 OCI SGT Incoming
ESES III,21812.A.0055.000.037.PB2,SBTK 37 XARM SGT Incoming
ESES III,21812.A.0055.000.038.PB2,SBTK 38 NEXT PPU
ESES III,21812.A.0055.000.039.PB2,SBTK 39 Cube RRT
ESES III,21812.A.0055.000.040.PB2,SBTK 40 NavCube
ESES III,21812.A.0055.000.041.PB2,SBTK 41 ASU SA Spt 45 027
ESES III,21812.A.0055.000.042.PB2,SBTK 42 NEPP Resis 74 011
ESES III,21812.A.0055.000.043.PB2,SBTK 43 LRalph
ESES III,21812.A.0055.000.044.PB2,SBTK 44 MAIA
ESES III,21812.A.0055.000.045.PB2,SBTK 45 NESC Cu Wire Eval
ESES III,21812.A.0055.000.046.PB2,SBTK 46 Tantalum Cap Stdy
ESES III,21812.A.0055.000.047.PB2,SBTK 47 PACE Spacecraft
ESES III,21812.A.0055.000.049.PB2,SBTK 49 WFIRST- Ka Band
ESES III,21812.A.0055.000.050.PB2,SBTK 50 TSIS-2
ESES III,21812.A.0055.000.051.PB2,SBTK 51 Europa Clipper
ESES III,21812.A.0055.000.052.PB2,SBTK 52 LISA
ESES III,21812.A.0055.000.053.PB2,SBTK 53 AQUA
ESES III,21812.A.0055.000.054.PB2,SBTK 54 LUCY (PHOT)
ESES III,21812.A.0055.000.055.PB2,SBTK 55 LEMNOS Illuma-T
ESES III,21812.A.0055.000.056.PB2,SBTK 56 JUICE RIME
ESES III,21812.A.0055.000.057.PB2,SBTK 57 CIF Die Attach
ESES III,21812.A.0055.000.058.PB2,SBTK 58 Schottky Diode Ev
ESES III,21812.A.0055.000.059.PB2,SBTK 59 LPS 3D Mfg Sppt
ESES III,21812.A.0055.000.061.PB2,SBTK 61 OSD - Radiation
ESES III,21812.A.0055.000.062.PB2,SBTK 62 CMOS Tech Radiat
ESES III,21812.A.0055.000.063.PB2,SBTK 63 Dragonfly
ESES III,21812.A.0055.000.064.PB2,SBTK 64 NESC ISS Anom Inv
ESES III,21812.A.0055.000.065.PB2,SBTK 65 SLS Anomaly Inves
ESES III,21812.A.0055.000.066.PB2,SBTK 66 CCP Capacitor Eva
ESES III,21812.A.0055.000.067.PB2,SBTK 67 HDL Splice (Phot)
ESES III,21812.A.0055.000.068.PB2,SBTK 68 High Engy Ion Tel
ESES III,21812.A.0055.000.069.PB2,SBTK 69 IRAD ASIC Readout
ESES III,21812.A.0055.000.070.PB2,SBTK 70 WFIRST RCS (Phot)
ESES III,21812.A.0055.000.071.PB2,SBTK 71 HERMES
ESES III,21812.A.0055.000.072.PB2,SBTK 72 ARC Failure Analy
ESES III,21812.A.0055.000.073.PB2,SBTK 73 PSYCHE
ESES III,21812.A.0055.000.074.PB2,SBTK 74 CODEX
ESES III,21812.A.0055.000.075.PB2,SBTK 75 Cosmic Ice Lab
ESES III,21812.A.0055.000.076.PB2,SBTK 76 IMAP Spacecraft
ESES III,21812.A.0055.000.077.PB2,SBTK 77 O2O
ESES III,21812.A.0055.000.078.PB2,SBTK 78 SWFO-L1
ESES III,21812.A.0055.000.079.PB2,SBTK 79 Emergency Light
ESES III,21812.A.0056.000.000.PB2,TIRS-2 Integration and Te
ESES III,21812.A.0057.001.000.PB2,SBTK 1 WFIRST Focal Plane
ESES III,21812.A.0057.002.000.PB2,SBTK 2 Integrate Elec ODC
ESES III,21812.A.0057.003.000.PB2,SBTK 3 FPA ODCs
ESES III,21812.A.0057.004.000.PB2,SBTK 4 SORC ODCs
ESES III,21812.A.0057.005.000.PB2,SBTK 5 GRISM/PRISM ODCs
ESES III,21812.A.0058.001.000.PB2,SBTK 1  OCI DAU and SSM E
ESES III,21812.A.0058.002.000.PB2,SBTK 2  OCI FSW Spt
ESES III,21812.A.0059.001.000.PB2,SBTK 1  WFI Systems Eng
ESES III,21812.A.0059.002.000.PB2,SBTK 2  IFS Systems Eng
ESES III,21812.A.0059.003.000.PB2,SBTK 3  WFI Manaagement
ESES III,21812.A.0061.000.001.PB2,SBTK 1  GEDI
ESES III,21812.A.0061.000.002.PB2,SBTK 2  L9
ESES III,21812.A.0061.000.003.PB2,SBTK 3 Resolve
ESES III,21812.A.0061.000.004.PB2,SBTK 4 LRalph
ESES III,21812.A.0061.000.005.PB2,SBTK 5 WFIRST
ESES III,21812.A.0061.000.006.PB2,SBTK 6 CLARREO
ESES III,21812.A.0061.000.007.PB2,SBTK 7 DART
ESES III,21812.A.0061.000.008.PB2,SBTK 8 GeoCarb
ESES III,21812.A.0061.000.009.PB2,SBTK 9 SWFO
ESES III,21812.A.0061.000.010.PB2,SBTK 10 AWE Proj FPGA Tst
ESES III,21812.A.0062.001.000.PB2,SBTK 1 PCU ILLUMA-T & O2O
ESES III,21812.A.0062.002.000.PB1,SBTK 2 Harness - ILLUMA-T
ESES III,21812.A.0062.002.000.PB2,SBTK 2 Harness - ILLUMA-T
ESES III,21812.A.0062.003.000.PB2,SBTK 3 High Voltage task
ESES III,21812.A.0062.004.000.PB2,SBTK 4 JEM-EF Media Conv
ESES III,21812.A.0063.000.000.PB2,Flight Spare and Testbed 
ESES III,21812.A.0064.000.000.PB2,X-ray microcalorimeter ar
ESES III,21812.A.0065.001.000.PB2,Subtask 1: OCI FPA
ESES III,21812.A.0065.002.000.PB2,Subtask 2: OCI Sys Eng
ESES III,21812.A.0065.003.000.PB1,Subtask 3: OCI Materials 
ESES III,21812.A.0065.003.000.PB2,Subtask 3: OCI Materials 
ESES III,21812.A.0065.004.000.PB2,Subtask 4: OCI Flight SW
ESES III,21812.A.0065.005.000.PB2,Subtask 5: OCI I&T
ESES III,21812.A.0065.006.000.PB2,Subtask 6: OCI Storg Mgr
ESES III,21812.A.0066.000.000.PB2,XARM RESOLVE Xbox Dev and
ESES III,21812.A.0067.001.000.PB2,SBTK 1 Multidis Eng Sppt
ESES III,21812.A.0067.002.000.PB2,SBTK 2 Lab Tech Support
ESES III,21812.A.0067.003.000.PB2,SBTK 3 IRAD Effort
ESES III,21812.A.0068.001.000.PB2,SBTK 1 Project Mgmt Spt
ESES III,21812.A.0068.002.000.PB2,SBTK 2 Elec & Sys Eng Spt
ESES III,21812.A.0069.000.000.PB2,OCI Optical Eng Spt
ESES III,21812.A.0069.001.000.PB2,SBTK 1 OCI Opt Spt
ESES III,21812.A.0069.002.000.PB2,SBTK 2 HDL
ESES III,21812.A.0069.003.000.PB2,SBTK 3 MASTAR
ESES III,21812.A.0072.000.000.PB2,PACE I&T Support
ESES III,21812.A.0073.000.001.PB2,SBTK 1 EGSE Des Assembly 
ESES III,21812.A.0073.000.002.PB2,SBTK 2 EGSE Materials
ESES III,21812.A.0077.000.000.PB2,WFIRST WFSC Optical Physi
ESES III,21812.A.0078.000.000.PB2,JWST ISIM Electrical Syst
ESES III,21812.A.0082.001.000.PB2,SBTK 1  SARLab Infrastruc
ESES III,21812.A.0082.002.000.PB2,SBTK 2 Operational SARSAT
ESES III,21812.A.0082.003.000.PB2,SBTK 3 SAR Tech R&D
ESES III,21812.A.0082.004.000.PB2,SBTK 4 Aviation Safety
ESES III,21812.A.0084.000.000.PB2,LRalph SIDECAR Assembly
ESES III,21812.A.0085.001.000.PB2,SBTK 1 Engineering Spt
ESES III,21812.A.0085.003.000.PB2,SBTK 3 Electrical Eng Spt
ESES III,21812.A.0085.004.000.PB2,SBTK 4 Lab Technician Spt
ESES III,21812.A.0085.006.000.PB2,SBTK 6 OGS-X Experiment
ESES III,21812.A.0085.007.000.PB2,SBTK 7 LCRD Elec Test Spt
ESES III,21812.A.0085.008.000.PB2,SBTK 8 LCRD I&T Eng Spt
ESES III,21812.A.0086.000.000.PB2,LRalph Focal Plane Elect
ESES III,21812.A.0087.000.000.PB2,SAR DF Receiver Develop
ESES III,21812.A.0088.000.000.PB2,JWST Observ I&T
ESES III,21812.A.0089.002.000.PB2,SBTK 2 Switch Unit Repair
ESES III,21812.A.0092.000.000.PB2,Support for ICEE2
ESES III,21812.A.0094.000.000.PB2,SEAL Mass Spec Refurbish
ESES III,21812.A.0097.001.000.PB2,SBTK 1 Eng Parts Procurem
ESES III,21812.A.0097.002.000.PB2,SBTK 2 Restraint Release
ESES III,21812.A.0097.003.000.PB2,SBTK 3 Review Procure EEE
ESES III,21812.A.0097.004.000.PB2,SBTK 4 Solar Array Panel
ESES III,21812.A.0099.000.000.PB2,Parabolic Deformable Mirr
ESES III,21812.A.0100.000.000.PB2,RST Spacecraft Harness
ESES III,21812.A.0100.001.000.PB2,SBTK 1 SC Harness Develop
ESES III,21812.A.0100.002.000.PB2,SBTK 2 Fuse Box Develop
ESES III,21812.A.0101.001.000.PB2,SBTK 1  GEDI BDU Data Mgt
ESES III,21812.A.0101.002.000.PB2,SBTK 2  Dragonfly Laser
ESES III,21812.A.0101.003.000.PB2,SBTK 3  Dragonfly GSE Des
ESES III,21812.A.0101.004.000.PB2,SBTK 4  Dragonfly GSE Bld
ESES III,21812.A.0101.005.000.PB2,SBTK 5  Dragonfly Procure
ESES III,21812.A.0105.000.000.PB2,SBTK 1 WFI Harness Devel
ESES III,21812.A.0105.002.000.PB2,SBTK 2 WFI Elec Sys Eng
ESES III,21812.A.0105.003.000.PB2,SBTK 3 LAYOUT Support
ESES III,21812.A.0106.000.000.PB2,HTS Int & Test Lead Eng
ESES III,21812.A.0107.000.000.PB2,Sppt for Magnetometry Lab
ESES III,21812.A.0108.000.001.PB2,SBTK 1  Orion/VIO
ESES III,21812.A.0108.000.002.PB2,SBTK 2  CCP
ESES III,21812.A.0108.000.003.PB2,SBTK 3 SLS
ESES III,21812.A.0108.000.004.PB2,SBTK 4  SLS Stages
ESES III,21812.A.0108.000.005.PB2,SBTK 5  SLS Stages - IR
ESES III,21812.A.0108.000.006.PB2,SBTK 6  NEPP MSFC Rad Spt
ESES III,21812.A.0108.000.007.PB2,SBTK 7  ForeFront Motor
ESES III,21812.A.0108.000.SPD.PB2,TL Spread
ESES III,21812.A.0109.000.000.PB2,TSIS-2 Elec Sys Eng Spt
ESES III,21812.A.0110.000.000.PB2,NEN High Rate Ant Arrayin
ESES III,21812.A.0112.001.000.PB2,SBTK 1 KArLE Eng Sys Spt
ESES III,21812.A.0112.002.000.PB2,SBTK 2 GSE Build Operatio
ESES III,21812.A.0112.003.000.PB2,SBTK 3 KArLE Procurement
ESES III,21812.A.0113.000.000.PB2,WFIRST Payload AI&T Optic
ESES III,21812.A.0115.000.000.PB2,GDC Elec System Support
ESES III,21812.A.0116.000.000.PB2,Hazard Det Lidar Dig Eng
ESES III,21812.A.0117.000.001.PB2,SBTK 1 DraMS Electronics
ESES III,21812.A.0117.000.002.PB2,SBTK 2 DraGNS Electronics
ESES III,21812.A.0117.000.003.PB2,SBTK 3 DraMS ITMS
ESES III,21812.A.0117.000.004.PB2,SBTK 4 DraMS Laser
ESES III,21812.A.0118.000.000.PB2,WFIRST Elec Sys Eng Sppt
ESES III,21812.A.0119.001.000.PB2,SBTK 1 Origins Space Tele
ESES III,21812.A.0119.002.000.PB2,SBTK 2 Cryogenic Balloon
ESES III,21812.A.0120.001.000.PB2,SBTK 1 LCRD Experiment Co
ESES III,21812.A.0121.001.000.PB2,SBTK 1 High Voltage Suppt
ESES III,21812.A.0121.002.000.PB2,SBTK 2 IRAD
ESES III,21812.A.0121.003.000.PB2,SBTK 3 High Enrgy Ion Tel
ESES III,21812.A.0121.004.000.PB2,SBTK 4 Drams MEB PS
ESES III,21812.A.0121.005.000.PB2,SBTK 5 Drams LASER GSE
ESES III,21812.A.0121.006.000.PB2,SBTK 6 Drams MEB LEU
ESES III,21812.A.0122.001.000.PB2,SBTK 1 I&T Engineer Suppt
ESES III,21812.A.0122.002.000.PB2,SBTK 2 Transporter Dev Sp
ESES III,21812.A.0122.003.000.PB2,SBTK 3 I&T GSE Inventory
ESES III,21812.A.0123.001.000.PB2,SBTK 1 EGSE Harness Suppt
ESES III,21812.A.0123.002.000.PB2,SBTK 2 Elec Sys Eng Spt
ESES III,21812.A.0123.003.000.PB2,SBTK 3 Proc & Fabrication
ESES III,21812.A.0125.001.000.PB2,SBTK 1 554 lidar develop
ESES III,21812.A.0126.001.000.PB2,SBTK 1 Integration & Test
ESES III,21812.A.0126.002.000.PB2,SBTK 2 Ground Spprt Equip
ESES III,21812.A.0126.003.000.PB2,SBTK 3 ILLUMA-T Addtl Spt
ESES III,21812.A.0129.000.000.PB2,Eng Spt for JWST JADE 2
ESES III,21812.A.0130.001.000.PB2,SBTK 1 Laser Elect DPSSL
ESES III,21812.A.0130.002.000.PB2,SBTK 2 Master Oscillator
ESES III,21812.A.0130.003.000.PB2,SBTK 3 Fiber Amp TRL6 Mod
ESES III,21812.A.0130.004.000.PB2,SBTK 4 MOPA Laser
ESES III,21812.A.0130.005.000.PB2,SBTK 5 Sourcng Eval uNPRO
ESES III,21812.A.0130.006.000.PB2,SBTK 6 Reliability Test 
ESES III,21812.A.0131.001.000.PB2,SBTK 1 DPSSL Breadboard
ESES III,21812.A.0131.002.000.PB2,SBTK 2 Photonics Demo
ESES III,21812.A.0131.003.000.PB2,SBTK 3 UV Laser Design
ESES III,21812.A.0131.004.000.PB2,SBTK 4 iSEE Dev MaTISSE
ESES III,21812.A.0131.005.000.PB2,SBTK 5 RAMS
ESES III,21812.A.0131.006.000.PB2,SBTK 6 Wind Lidar Laser
ESES III,21812.A.0132.000.001.PB2,SBTK 1 DraMS High Voltage
ESES III,21812.A.0133.000.000.PB2,Eng Support BIRCHES
ESES III,21812.A.0134.001.000.PB2,SBTK 1 Formaldehyde Lidar
ESES III,21812.A.0135.001.000.PB2,SBTK 1 Laser Sys Rel Test
ESES III,21812.A.0136.000.000.PB2,WFIRST Payload AI&T Optic
ESES III,21812.A.0137.000.000.PB2,GeoXO Support
ESES III,21812.A.GLC3,CY3 ONSITE GL BM SPD
ESES III,21812.A.GLD3,CY3 ONSITE GL BA SPD
ESES III,21812.A.GLS3,CY3 OFFSITE GL SPD
ESES III,21812.A.PMO3,CY3 PMO SPD
OMES II,21901.BAS.009.04,OMES II Task 009 BP
OMES II,21901.BAS.022.00,OMES II Task 022 BP
OMES II,21901.BAS.022.43,OMES II Task 022 BP-0543
OMES II,21901.BAS.022.73,OMES II Task 022 BP-0573
OMES II,21901.BAS.022.75,OMES II Task 022 BP-0575
OMES II,21901.BAS.022.77,OMES II Task 022 BP-0577
OMES II,21901.BAS.026.00,OMES II Task 026 BP-0000
OMES II,21901.BAS.040.00,OMES II Task 040 BP
OMES II,21901.BAS.040.73,OMES II Task 040 BP-0573
HBG,22003.T.0001.00,PACE Cali Supt
HBG,22003.T.0002.00,PACE Sci App Prog Supt Sv
HBG,22003.T.0003.00,CLARREO Pf Cali Inter-com
HBG,22003.T.0004.00,HPLC Prod Ocean Bio & Bio
HBG,22003.T.0005.00,VIIRS SDR Cali SuptNOAA J
HBG,22003.T.0006.00,NPP VIIRS Cali Supt
HBG,22003.T.0007.00,MODIS Char Supt Team MCST
HBG,22003.T.0008.00,ATM - Supt of Airb Sci Pr
HBG,22003.T.0009.00,SMAP App Coord
HBG,22003.T.0010.00,Earth Sci Data & Info Sy 
HBG,22003.T.0011.00,Fld Meas Pro& alid Supt F
HBG,22003.T.0012.00,Supt for Logs & Proc Svs 
HBG,22003.T.0013.00,Earth to Sky
HBG,22003.T.0014.0A,L& Data Assimilation Syst
HBG,22003.T.0014.0B,FEWS NET Supt
HBG,22003.T.0014.0C,Mgmt & Documentation Supt
HBG,22003.T.0014.0D,UM-LIS-JULES Supt
HBG,22003.T.0015.00,Hazard Detection Lidar (H
HBG,22003.T.0016.00,NEPAC for Climate Data Re
HBG,22003.T.0017.00,LVIS Facility: Instru Ope
HBG,22003.T.0018.00,B33/F403 Mech Lab Supt fo
HBG,22003.T.0019.00,Ocean Biogeochem & Ecosys
HBG,22003.T.0020.00,Carbon Cycle & Ecosystems
HBG,22003.T.0021.00,App Supt
HBG,22003.T.0022.00,Aerosol Robotic Network S
HBG,22003.T.0023.00,Property & Safety Coordin
HBG,22003.T.0024.00,GSFC App Scientist
HBG,22003.T.0025.00,EOS Project Science Offic
HBG,22003.T.0026.00,NASA HQ Science Mission D
HBG,22003.T.0027.00,PACE Web Supt
HBG,22003.T.0028.00,MODIS & EOS Technical Wri
HBG,22003.T.0029.00,MODIS & NPP Documents & W
HBG,22003.T.0030.00,Ocean Bio Proc Group
HBG,22003.T.0031.00,PACE Science Data Segment
HBG,22003.T.0032.00,OC Res Supt
HBG,22003.T.0033.00,PACE Project Science Supt
HBG,22003.T.0034.00,PACE Comm Supt
HBG,22003.T.0035.00,Earth obs System (EOS) Pr
HBG,22003.T.0036.00,Earth Science Ed - CAN & 
HBG,22003.T.0037.00,Web Dev - Codes 610HB & 6
HBG,22003.T.0038.00,GSFC Radiometric Cali Lab
HBG,22003.T.0039.00,GSFC Diffuser Cali Lab (D
HBG,22003.T.0040.00,Lidar Tech Dev for trace-
HBG,22003.T.0041.00,Acctg for turbulent atmos
HBG,22003.T.0042.00,Cont of CMS App Efforts: 
HBG,22003.T.0043.00,Laser-based Instru charac
HBG,22003.T.0044.00,RSCali Analysis Supt
HBG,22003.T.0045.00,Supt for tunable laser De
HBG,22003.T.0046.00,GEO-XO Requirements Dev S
HBG,22003.T.0047.00,Supt for Proc Sat & Model
HBG,22003.T.0048.00,NASAs Earth Observatory 
HBG,22003.T.0049.00,Earth Science Data System
HBG,22003.T.0050.00,ICESat-2 Applied Sciences
HBG,22003.T.0051.00,Ed & Outreach 610(WFF) & 
HBG,22003.T.0052.00,Boreal Forest Disturbance
HBG,22003.T.0053.00,JPSS Instru Science Supt
HBG,22003.T.0054.00,SI-Traceable Cali of Eart
HBG,22003.T.0055.0A,NASA Science Access to &
HBG,22003.T.0055.0B,Coordinate Eval Activitie
HBG,22003.T.0056.00,Terra Ed & Outreach
HBG,22003.T.0057.00,Property Mgmt Proc Lab Of
HBG,22003.T.0058.00,GPM & ACCP App Science Co
HBG,22003.T.0059.00,L&sat Comm & Public Engag
HBG,22003.T.0060.00,Ind Eval of GOES-R Image 
HBG,22003.T.0062.0A,Laser electronics for on 
HBG,22003.T.0062.0B,Master Oscillator  micro
HBG,22003.T.0062.0C,Fiber Amplifier (TRL6) Mo
HBG,22003.T.0062.0D,TRL6 MOPA Laser Transmitt
HBG,22003.T.0062.0E,Sourcing of NPRO crystal
HBG,22003.T.0063.00,Supt for the Harmonized L
HBG,22003.T.0064.00,OC Instru Dev Design Anal
HBG,22003.T.0065.0D,Subtask D
HBG,22003.T.0065.0E,Subtask E
HBG,22003.T.0065.0J,Subtask J
HBG,22003.T.0066.00,MODIS VIIRS & CEOS L& Pro
HBG,22003.T.0067.00,NASA Black Marble Science
HBG,22003.T.0068.00,Microwave RSof Soil Moist
HBG,22003.T.0069.00,Dev Prod archiving & dist
HBG,22003.T.0070.00,RRNES Instgn - Mon & Mod 
HBG,22003.T.0071.00,Sat Altimetric Hydrology 
HBG,22003.T.0072.0A,DPSSL Breadboard Prototyp
HBG,22003.T.0072.0B,Photonics Int Circuit Spe
HBG,22003.T.0072.0C,In-situ Spectroscopic Eur
HBG,22003.T.0072.0D,UV laser optoMech design 
HBG,22003.T.0072.0E,Wind Lidar Laser Transmit
HBG,22003.T.0073.0A,Qual Assess of data prod
HBG,22003.T.0073.0B,Water Qual Supt
HBG,22003.T.0074.00,GSFC OSTEM Tech & Distanc
HBG,22003.T.0075.00,GCDC Resource Analyst Sup
HBG,22003.T.0076.00,Office & Lab Manager
HBG,22003.T.0077.00,G-LiHT: Godd LiDAR Hypers
HBG,22003.T.0078.00,L&sat Cali Scientist Supt
HBG,22003.T.0080.00,Administrative Supt for C
HBG,22003.T.0083.00,Biospheric Sciences Lab L
HBG,22003.T.0085.00,690 Mech Lab
HBG,22003.T.0087.00,USDA Lake Level Monitorin
HBG,22003.T.0088.00,2018:Rmtly Sensed Stream
HBG,22003.T.0089.00,2018: GREALM Lake Storage
HBG,22003.T.0090.00,2016: GREALM Water Levels
HBG,22003.T.0091.00,Remote Sensing Instr Dev
HBG,22003.T.0092.00,Sprt for 1.2 m telescope
HBG,22003.T.0093.00,Sea Level and Tides
HBG,22003.T.0094.00,ICESat-2 Instr Sprt Faci
HBG,22003.T.0095.00,ICESat-2 Proj Sci Sup
HBG,22003.T.0096.00,ICESat-2 Sci Comp Faci
HBG,22003.T.0097.00,ICESat-2 Sci Invstgr Proc
HBG,22003.T.0098.00,6/Cryosphere model comp
HBG,22003.T.0099.00,610.W IT Sup & Field Sup
HBG,22003.T.0100.00,CDDIS Support
HBG,22003.T.0101.00,Tech sup Geomag Data Assi
HBG,22003.T.0102.00,Landsat Cal/Val geometric
HBG,22003.T.0103.00,DORIS Anlys Ctr &ITRF2020
HBG,22003.T.0104.00,Space Geodesy Network Op
HBG,22003.T.0105.00,GEDI Mission Support
HBG,22003.T.0106.0A,GEDI higher lvl data prod
HBG,22003.T.0106.0B,SDC study support
HBG,22003.T.0107.00,ICESat-2 POD PPD Geoloca
HBG,22003.T.0108.00,ICESat-2 Constraint Analy
HBG,22003.T.0109.00,Earth Surface Mass & Elev
HBG,22003.T.0110.0A,Optical Benches
HBG,22003.T.0110.0B,Adaptive Optics System
HBG,22003.T.0110.0C,Optical Terminal Material
HBG,22003.T.0110.0D,Quantum Experiments Mater
HBG,22003.T.0111.02,Inst dev & field campaign
HBG,22003.T.0111.03,Sci Res & Data Analysis
HBG,22003.T.0111.04,Eng Sup for Instruments
HBG,22003.T.0111.05,Sup Micro Lab for HBG
HBG,22003.T.0111.06,Sup NASA Terres Hydrology
HBG,22003.T.0111.07,LVIS Instru PM Support
HBG,22003.T.0112.00,ATMS Instr Sci Support
HBG,22003.T.0113.00,Direct Broadcast Support 
HBG,22003.T.0114.00,GOES ABI Calibration Supp
HBG,22003.T.0115.00,Surface temp Albedo Cryos
HBG,22003.T.0116.00,GGSG Server & Sys Admin
HBG,22003.T.0118.00,ACCP Web Support
HBG,22003.T.0119.00,HyperMapping Path Act
HBG,22003.T.0120.00,Analysis & Web Interface
HBG,22003.T.0123.00,Rem Sens Water lvl:EIS
HBG,22003.T.0124.00,Landsat Next Req. Def.
HBG,22003.T.0125.00,Field Support NASA ESPO
HBG,22003.T.0127.00,OST- Inland Water
HBG,22003.T.0128.00,SBG Cal Val Def Support
HBG,22003.T.0130.00,SnowEx AK Support
HBG,22003.T.0131.00,Disaster Coord & Res Sup
HBG,22003.T.0132.00,ATM SoX on JSC
EPA RLS II,22005.BP0.R.20F0273,Project R-20F0273
EPA RLS II,22005.BP0.R.20F0361,Project R-20F0361
EPA RLS II,22005.BP0.R.20F0362,Project R-20F0362
EPA RLS II,22005.BP0.R.20F0375,Project R-20F0375
EPA RLS II,22005.BP0.R.21F0022,Project R-21F0022 FnClnup
EPA RLS II,22005.CY2.R.20F0166,Project R-21F0166 CY2
EPA RLS II,22005.CY2.R.20F0244,Project R-20F0244 CY2
EPA RLS II,22005.CY2.R.20F0248,Project R-20F0248 CY2
EPA RLS II,22005.CY2.R.20F0249,Project R-20F0249 CY2
EPA RLS II,22005.CY2.R.20F0266,Project R-20F0266 CY2
EPA RLS II,22005.CY2.R.20F0267,Project R-20F0267 CY2
EPA RLS II,22005.CY2.R.20F0273,Project R-20F0273 CY2
EPA RLS II,22005.CY2.R.20F0274,Project R-20F0274 CY2
EPA RLS II,22005.CY2.R.20F0275,Project R-20F0275 CY2
EPA RLS II,22005.CY2.R.20F0277,Project R-20F0277 CY2
EPA RLS II,22005.CY2.R.20F0278,Project R-20F0278 CY2
EPA RLS II,22005.CY2.R.20F0298,Project R-20F0298 CY2
EPA RLS II,22005.CY2.R.20F0299,Project R-20F0299 CY2
EPA RLS II,22005.CY2.R.20F0306,Project R-20F0306 CY2
EPA RLS II,22005.CY2.R.20F0309,Project R-20F0309 CY2
EPA RLS II,22005.CY2.R.20F0311,Project R-20F0311 CY2
EPA RLS II,22005.CY2.R.20F0330,Project R-20F0330 CY2
EPA RLS II,22005.CY2.R.20F0335,Project R-20F0335 CY2
EPA RLS II,22005.CY2.R.20F0361,Project R-20F0361 CY2
EPA RLS II,22005.CY2.R.20F0362,Project R-20F0362 CY2
EPA RLS II,22005.CY2.R.20F0375,Project R-20F0375 CY2
EPA RLS II,22005.CY2.R.20F0378,Project R-20F0378 CY2
EPA RLS II,22005.CY2.R.20F0379,Project R-20F0379 CY2
EPA RLS II,22005.CY2.R.20F0392,Project R-20F0392 CY2
EPA RLS II,22005.CY2.R.20F0406,Project R-20F0406 CY2
EPA RLS II,22005.CY2.R.20F0409,Project R-20F0409 CY2
EPA RLS II,22005.CY2.R.20F0415,Project R-20F0415 CY2
EPA RLS II,22005.CY2.R.20F0428,Project R-20F0428 CY2
EPA RLS II,22005.CY2.R.20F0433,Project R-20F0433 CY2
EPA RLS II,22005.CY2.R.20F0440,Project R-20F0440 CY2
EPA RLS II,22005.CY2.R.20F0447,Project R-20F0447 CY2
EPA RLS II,22005.CY2.R.20F0454,Project R-20F0454 CY2
EPA RLS II,22005.CY2.R.21F0002,Project R-21F0002 CY2
EPA RLS II,22005.CY2.R.21F0022,Project R-21F0022 CY2
EPA RLS II,22005.CY2.R.21F0023,Project R-21F0023 CY2
EPA RLS II,22005.CY2.R.21F0035,Project R-21F0035 CY2
EPA RLS II,22005.CY2.R.21F0063,Project R-21F0063 CY2
EPA RLS II,22005.CY2.R.21F0079,Project R-21F0079 CY2
EPA RLS II,22005.CY2.R.21F0082,Project R-21F0082 CY2
EPA RLS II,22005.CY2.R.21F0104,Project R-21F0104 CY2
EPA RLS II,22005.CY2.R.21F0104.JA,Project R-21F0104 StfMtgs
EPA RLS II,22005.CY2.R.21F0234,Project R-21F0234 CY2
EPA RLS II,22005.CY2.R.21F0409,Project R-21F0409 CY2
EPA RLS II,22005.CY2.R.21F0656,Project R-21F0656
EPA RLS II,22005.CY2.R.21F0656.TR,Project R-21F0656 Trng
EPA RLS II,22005.CY2.X.MED0000,Medical S&H
EPA RLS II,22005.CY2.X.PMOXXXX,EPA RLS II CY2 PMO
TADS,22008.TO2,TADS USAF TO2
TADS,22008.TO5,TADS USAF TO5
TESS Bridge,22011.OY1.001,TESS Bridge OY1 TO 1
TESS Bridge,22011.OY1.PMO,TESS Bridge PMO
